<?xml version = '1.0' encoding = 'UTF-8'?>
<Entity class="oracle.dbtools.crest.model.design.logical.Entity" directorySegmentName="seg_0" id="0E8F38A0-4A4B-B6BD-0410-D4E79561CF4C" name="TOUR_REPORT">
<createdBy>cileong</createdBy>
<createdTime>2022-04-25 16:25:01 UTC</createdTime>
<ownerDesignName>wc_logical</ownerDesignName>
<engineerTo>
<item key="D7394ABE-E697-87ED-9E26-BBB83BCAED4B" value="true"/>
</engineerTo>
<adequatelyNormalized>NO</adequatelyNormalized>
<expectedVolumes>0</expectedVolumes>
<fwdEngineeringStrategyName>Single Table</fwdEngineeringStrategyName>
<growthPercent>0</growthPercent>
<growthType>Year</growthType>
<maxVolumes>9999999</maxVolumes>
<minVolumes>0</minVolumes>
<normalForm>Third</normalForm>
<attributes itemClass="oracle.dbtools.crest.model.design.logical.Attribute">
<Attribute name="tour_id" id="B3749CEB-94F3-E288-2468-29E48A41568B">
<createdBy>cileong</createdBy>
<createdTime>2022-04-26 16:24:12 UTC</createdTime>
<commentInRDBMS><![CDATA[Tour's ID]]></commentInRDBMS>
<generatorID>ACDE69EE-46E1-2013-99C6-3BB550A1B4DC</generatorID>
<ownerDesignName>wc_logical</ownerDesignName>
<engineerTo>
<item key="D7394ABE-E697-87ED-9E26-BBB83BCAED4B" value="true"/>
</engineerTo>
<referedAttribute>B68CE93C-B23F-0656-4F45-E81946709C52</referedAttribute>
<useDomainConstraints>false</useDomainConstraints>
<use>1</use>
<logicalDatatype>LOGDT019</logicalDatatype>
<dataTypePrecision>6</dataTypePrecision>
<ownDataTypeParameters>,,</ownDataTypeParameters>
</Attribute>
<Attribute name="tour_date" id="1A5650DD-7CE4-D8B6-CE31-76DDB77A10BA">
<createdBy>cileong</createdBy>
<createdTime>2022-04-26 08:12:01 UTC</createdTime>
<commentInRDBMS><![CDATA[The date of the tour]]></commentInRDBMS>
<ownerDesignName>wc_logical</ownerDesignName>
<engineerTo>
<item key="D7394ABE-E697-87ED-9E26-BBB83BCAED4B" value="true"/>
</engineerTo>
<useDomainConstraints>false</useDomainConstraints>
<use>1</use>
<logicalDatatype>LOGDT007</logicalDatatype>
<ownDataTypeParameters>,,</ownDataTypeParameters>
</Attribute>
</attributes>
<identifiers itemClass="oracle.dbtools.crest.model.design.logical.CandidateKey">
<identifier id="85A26038-6C3F-0777-86FB-C84FE5D9AE8F" name="TOUR_REPORT PK">
<createdBy>cileong</createdBy>
<createdTime>2022-04-26 08:12:20 UTC</createdTime>
<ownerDesignName>wc_logical</ownerDesignName>
<engineerTo>
<item key="D7394ABE-E697-87ED-9E26-BBB83BCAED4B" value="true"/>
</engineerTo>
<pk>true</pk>
<usedAttributes>
<attributeRef>1A5650DD-7CE4-D8B6-CE31-76DDB77A10BA</attributeRef>
<attributeRef>B3749CEB-94F3-E288-2468-29E48A41568B</attributeRef>
</usedAttributes>
</identifier>
</identifiers>
</Entity>
