<?xml version = '1.0' encoding = 'UTF-8'?>
<Entity class="oracle.dbtools.crest.model.design.logical.Entity" directorySegmentName="seg_0" id="2B38A0B3-86AC-863F-3B8B-B67936CDC872" name="TOUR_LANGUAGE">
<createdBy>cileong</createdBy>
<createdTime>2022-04-26 15:48:51 UTC</createdTime>
<ownerDesignName>wc_logical</ownerDesignName>
<engineerTo>
<item key="D7394ABE-E697-87ED-9E26-BBB83BCAED4B" value="true"/>
</engineerTo>
<adequatelyNormalized>NO</adequatelyNormalized>
<expectedVolumes>0</expectedVolumes>
<fwdEngineeringStrategyName>Single Table</fwdEngineeringStrategyName>
<growthPercent>0</growthPercent>
<growthType>Year</growthType>
<maxVolumes>9999999</maxVolumes>
<minVolumes>0</minVolumes>
<normalForm>Third</normalForm>
<attributes itemClass="oracle.dbtools.crest.model.design.logical.Attribute">
<Attribute name="tour_id" id="83B5BE6B-7EF5-7279-41B4-DB2765027CB5">
<createdBy>cileong</createdBy>
<createdTime>2022-04-26 16:24:12 UTC</createdTime>
<commentInRDBMS><![CDATA[Tour's ID]]></commentInRDBMS>
<generatorID>53BC64BD-FA3F-A4D0-EB35-43733D237309</generatorID>
<ownerDesignName>wc_logical</ownerDesignName>
<engineerTo>
<item key="D7394ABE-E697-87ED-9E26-BBB83BCAED4B" value="true"/>
</engineerTo>
<referedAttribute>B68CE93C-B23F-0656-4F45-E81946709C52</referedAttribute>
<useDomainConstraints>false</useDomainConstraints>
<use>1</use>
<logicalDatatype>LOGDT019</logicalDatatype>
<dataTypePrecision>6</dataTypePrecision>
<ownDataTypeParameters>,,</ownDataTypeParameters>
</Attribute>
<Attribute name="language_code" id="CB101573-0D70-DF89-D6E7-2DF47D58859E">
<createdBy>cileong</createdBy>
<createdTime>2022-04-26 16:14:20 UTC</createdTime>
<commentInRDBMS><![CDATA[Language code stored in ISO 639-1 Alpha-2 format]]></commentInRDBMS>
<generatorID>B114D0B1-FB11-54E2-C448-BACE05366A14</generatorID>
<ownerDesignName>wc_logical</ownerDesignName>
<engineerTo>
<item key="D7394ABE-E697-87ED-9E26-BBB83BCAED4B" value="true"/>
</engineerTo>
<referedAttribute>0F60C0D3-9C7B-EE3E-B741-27BCDB1729B2</referedAttribute>
<useDomainConstraints>false</useDomainConstraints>
<use>1</use>
<logicalDatatype>LOGDT025</logicalDatatype>
<dataTypeSize>2 CHAR</dataTypeSize>
<ownDataTypeParameters>,,</ownDataTypeParameters>
</Attribute>
</attributes>
<identifiers itemClass="oracle.dbtools.crest.model.design.logical.CandidateKey">
<identifier id="0C8F9104-66F7-89CF-F6DA-9415EDD362AC" name="TOUR_LANGUAGE PK">
<createdBy>cileong</createdBy>
<createdTime>2022-04-26 16:16:10 UTC</createdTime>
<ownerDesignName>wc_logical</ownerDesignName>
<engineerTo>
<item key="D7394ABE-E697-87ED-9E26-BBB83BCAED4B" value="true"/>
</engineerTo>
<pk>true</pk>
<usedAttributes>
<attributeRef>CB101573-0D70-DF89-D6E7-2DF47D58859E</attributeRef>
<attributeRef>83B5BE6B-7EF5-7279-41B4-DB2765027CB5</attributeRef>
</usedAttributes>
</identifier>
</identifiers>
</Entity>
