<?xml version = '1.0' encoding = 'UTF-8'?>
<Entity class="oracle.dbtools.crest.model.design.logical.Entity" directorySegmentName="seg_0" id="31615807-721D-277F-D09F-58F8A3B6B1E1" name="CRUISE_PORT">
<createdBy>cileong</createdBy>
<createdTime>2022-04-26 06:44:33 UTC</createdTime>
<ownerDesignName>wc_logical</ownerDesignName>
<engineerTo>
<item key="D7394ABE-E697-87ED-9E26-BBB83BCAED4B" value="true"/>
</engineerTo>
<adequatelyNormalized>NO</adequatelyNormalized>
<expectedVolumes>0</expectedVolumes>
<fwdEngineeringStrategyName>Single Table</fwdEngineeringStrategyName>
<growthPercent>0</growthPercent>
<growthType>Year</growthType>
<maxVolumes>9999999</maxVolumes>
<minVolumes>0</minVolumes>
<normalForm>Third</normalForm>
<attributes itemClass="oracle.dbtools.crest.model.design.logical.Attribute">
<Attribute name="cruise_id" id="EF844F7D-7922-A823-4BD1-6B98409863AE">
<createdBy>cileong</createdBy>
<createdTime>2022-04-26 07:31:51 UTC</createdTime>
<commentInRDBMS><![CDATA[The ID that uniquely identifies the cruise]]></commentInRDBMS>
<generatorID>4102E874-6E6B-22FE-5076-931A35DF25C9</generatorID>
<ownerDesignName>wc_logical</ownerDesignName>
<engineerTo>
<item key="D7394ABE-E697-87ED-9E26-BBB83BCAED4B" value="true"/>
</engineerTo>
<referedAttribute>8B0581A4-CC1A-C02A-E62F-E42EE8501C3C</referedAttribute>
<useDomainConstraints>false</useDomainConstraints>
<use>1</use>
<logicalDatatype>LOGDT019</logicalDatatype>
<dataTypePrecision>4</dataTypePrecision>
<ownDataTypeParameters>,,</ownDataTypeParameters>
</Attribute>
<Attribute name="port_code" id="67C58DFF-C160-8F02-A39C-9C071BF17B3C">
<createdBy>cileong</createdBy>
<createdTime>2022-04-26 07:35:02 UTC</createdTime>
<commentInRDBMS><![CDATA[The code that uniquely identifies the port]]></commentInRDBMS>
<generatorID>945CF9FD-979D-F76D-E561-4AA20922A03B</generatorID>
<ownerDesignName>wc_logical</ownerDesignName>
<engineerTo>
<item key="D7394ABE-E697-87ED-9E26-BBB83BCAED4B" value="true"/>
</engineerTo>
<referedAttribute>1E5A0C15-B216-6456-A5D3-BD5F1EE9C5E1</referedAttribute>
<useDomainConstraints>false</useDomainConstraints>
<use>1</use>
<logicalDatatype>LOGDT025</logicalDatatype>
<dataTypeSize>5 CHAR</dataTypeSize>
<ownDataTypeParameters>5 CHAR,,</ownDataTypeParameters>
</Attribute>
<Attribute name="cp_datetime" id="EE4842E4-333E-4D8C-EF30-66B7F750DB55">
<createdBy>cileong</createdBy>
<createdTime>2022-04-26 06:45:10 UTC</createdTime>
<commentInRDBMS><![CDATA[The arrival and departure datetime]]></commentInRDBMS>
<ownerDesignName>wc_logical</ownerDesignName>
<engineerTo>
<item key="D7394ABE-E697-87ED-9E26-BBB83BCAED4B" value="true"/>
</engineerTo>
<useDomainConstraints>false</useDomainConstraints>
<use>1</use>
<logicalDatatype>LOGDT007</logicalDatatype>
<ownDataTypeParameters>,,</ownDataTypeParameters>
</Attribute>
</attributes>
<identifiers itemClass="oracle.dbtools.crest.model.design.logical.CandidateKey">
<identifier id="44916A5F-DDE7-B236-7837-0EA458470E38" name="CRUISE_PORT PK">
<createdBy>cileong</createdBy>
<createdTime>2022-04-26 07:32:02 UTC</createdTime>
<ownerDesignName>wc_logical</ownerDesignName>
<shouldEngineer>false</shouldEngineer>
<engineerTo>
<item key="D7394ABE-E697-87ED-9E26-BBB83BCAED4B" value="false"/>
</engineerTo>
<pk>true</pk>
<usedAttributes>
<attributeRef>EF844F7D-7922-A823-4BD1-6B98409863AE</attributeRef>
<attributeRef>EE4842E4-333E-4D8C-EF30-66B7F750DB55</attributeRef>
<attributeRef>67C58DFF-C160-8F02-A39C-9C071BF17B3C</attributeRef>
</usedAttributes>
</identifier>
</identifiers>
</Entity>
