<?xml version = '1.0' encoding = 'UTF-8'?>
<Entity class="oracle.dbtools.crest.model.design.logical.Entity" directorySegmentName="seg_0" id="34F101B3-0226-7E8C-6DAE-999F4EA02BCC" name="PORT">
<createdBy>cileong</createdBy>
<createdTime>2022-04-26 06:45:34 UTC</createdTime>
<ownerDesignName>wc_logical</ownerDesignName>
<engineerTo>
<item key="D7394ABE-E697-87ED-9E26-BBB83BCAED4B" value="true"/>
</engineerTo>
<adequatelyNormalized>NO</adequatelyNormalized>
<expectedVolumes>0</expectedVolumes>
<fwdEngineeringStrategyName>Single Table</fwdEngineeringStrategyName>
<growthPercent>0</growthPercent>
<growthType>Year</growthType>
<maxVolumes>9999999</maxVolumes>
<minVolumes>0</minVolumes>
<normalForm>Third</normalForm>
<attributes itemClass="oracle.dbtools.crest.model.design.logical.Attribute">
<Attribute name="port_code" id="1E5A0C15-B216-6456-A5D3-BD5F1EE9C5E1">
<createdBy>cileong</createdBy>
<createdTime>2022-04-26 06:45:39 UTC</createdTime>
<commentInRDBMS><![CDATA[The code that uniquely identifies the port]]></commentInRDBMS>
<ownerDesignName>wc_logical</ownerDesignName>
<engineerTo>
<item key="D7394ABE-E697-87ED-9E26-BBB83BCAED4B" value="true"/>
</engineerTo>
<useDomainConstraints>false</useDomainConstraints>
<use>1</use>
<logicalDatatype>LOGDT025</logicalDatatype>
<dataTypeSize>5 CHAR</dataTypeSize>
<ownDataTypeParameters>5 CHAR,,</ownDataTypeParameters>
</Attribute>
<Attribute name="country_code" id="F05C4385-52D2-5A9E-CF7D-950652CDF887">
<createdBy>cileong</createdBy>
<createdTime>2022-04-26 07:53:20 UTC</createdTime>
<commentInRDBMS><![CDATA[Country's code]]></commentInRDBMS>
<generatorID>F2B5B98C-89AE-4D8F-99AA-BB1910F12B55</generatorID>
<ownerDesignName>wc_logical</ownerDesignName>
<engineerTo>
<item key="D7394ABE-E697-87ED-9E26-BBB83BCAED4B" value="true"/>
</engineerTo>
<referedAttribute>39B2AFDE-4368-0EC9-4187-F64A0E4BD25D</referedAttribute>
<useDomainConstraints>false</useDomainConstraints>
<use>1</use>
<logicalDatatype>LOGDT025</logicalDatatype>
<dataTypeSize>2 CHAR</dataTypeSize>
<ownDataTypeParameters>2 CHAR,,</ownDataTypeParameters>
</Attribute>
<Attribute name="port_name" id="10227A89-D4A9-6B06-68EB-63F3ECEAE8A7">
<createdBy>cileong</createdBy>
<createdTime>2022-04-26 06:45:43 UTC</createdTime>
<commentInRDBMS><![CDATA[The name of the port]]></commentInRDBMS>
<ownerDesignName>wc_logical</ownerDesignName>
<engineerTo>
<item key="D7394ABE-E697-87ED-9E26-BBB83BCAED4B" value="true"/>
</engineerTo>
<useDomainConstraints>false</useDomainConstraints>
<use>1</use>
<logicalDatatype>LOGDT024</logicalDatatype>
<dataTypeSize>50 CHAR</dataTypeSize>
<ownDataTypeParameters>50 CHAR,,</ownDataTypeParameters>
</Attribute>
<Attribute name="port_population" id="7308E08E-BF91-D134-F5FD-48FF48F12C3D">
<createdBy>cileong</createdBy>
<createdTime>2022-04-26 06:45:51 UTC</createdTime>
<commentInRDBMS><![CDATA[The population count of the port]]></commentInRDBMS>
<ownerDesignName>wc_logical</ownerDesignName>
<engineerTo>
<item key="D7394ABE-E697-87ED-9E26-BBB83BCAED4B" value="true"/>
</engineerTo>
<useDomainConstraints>false</useDomainConstraints>
<use>1</use>
<logicalDatatype>LOGDT019</logicalDatatype>
<dataTypePrecision>9</dataTypePrecision>
<ownDataTypeParameters>,9,</ownDataTypeParameters>
</Attribute>
<Attribute name="port_longitude" id="96C8ACA7-1FA8-D601-4D2D-5C7D45D39E91">
<createdBy>cileong</createdBy>
<createdTime>2022-04-26 06:45:58 UTC</createdTime>
<commentInRDBMS><![CDATA[The longitude location of the port]]></commentInRDBMS>
<ownerDesignName>wc_logical</ownerDesignName>
<engineerTo>
<item key="D7394ABE-E697-87ED-9E26-BBB83BCAED4B" value="true"/>
</engineerTo>
<constraintName>CONSTRAINT PORT LONGITUDE</constraintName>
<useDomainConstraints>false</useDomainConstraints>
<use>1</use>
<logicalDatatype>LOGDT019</logicalDatatype>
<dataTypePrecision>10</dataTypePrecision>
<dataTypeScale>7</dataTypeScale>
<ownDataTypeParameters>,10,7</ownDataTypeParameters>
<listOfRanges>
<rangeDef class="oracle.dbtools.crest.model.design.constraint.AVT">
<beginValue>-180</beginValue>
<endValue>180</endValue>
</rangeDef>
</listOfRanges>
</Attribute>
<Attribute name="port_latitude" id="6DC6B553-A2F9-7165-4DA5-6DE4D39DA0E5">
<createdBy>cileong</createdBy>
<createdTime>2022-04-26 06:46:04 UTC</createdTime>
<commentInRDBMS><![CDATA[The latitude location of the port]]></commentInRDBMS>
<ownerDesignName>wc_logical</ownerDesignName>
<engineerTo>
<item key="D7394ABE-E697-87ED-9E26-BBB83BCAED4B" value="true"/>
</engineerTo>
<constraintName>CONSTRAINT PORT LATITUDE</constraintName>
<useDomainConstraints>false</useDomainConstraints>
<use>1</use>
<logicalDatatype>LOGDT019</logicalDatatype>
<dataTypePrecision>9</dataTypePrecision>
<dataTypeScale>7</dataTypeScale>
<ownDataTypeParameters>,9,7</ownDataTypeParameters>
<listOfRanges>
<rangeDef class="oracle.dbtools.crest.model.design.constraint.AVT">
<beginValue>-90</beginValue>
<endValue>90</endValue>
</rangeDef>
</listOfRanges>
</Attribute>
</attributes>
<identifiers itemClass="oracle.dbtools.crest.model.design.logical.CandidateKey">
<identifier id="25F2FE31-690B-7487-E7EF-94C67A47DBEE" name="PORT PK">
<createdBy>cileong</createdBy>
<createdTime>2022-04-26 06:46:19 UTC</createdTime>
<ownerDesignName>wc_logical</ownerDesignName>
<engineerTo>
<item key="D7394ABE-E697-87ED-9E26-BBB83BCAED4B" value="true"/>
</engineerTo>
<pk>true</pk>
<usedAttributes>
<attributeRef>1E5A0C15-B216-6456-A5D3-BD5F1EE9C5E1</attributeRef>
</usedAttributes>
</identifier>
</identifiers>
</Entity>
