<?xml version = '1.0' encoding = 'UTF-8'?>
<Entity class="oracle.dbtools.crest.model.design.logical.Entity" directorySegmentName="seg_0" id="372C6211-857B-89A2-088A-08F80B889FF1" name="TOUR">
<createdBy>cileong</createdBy>
<createdTime>2022-04-25 16:24:52 UTC</createdTime>
<ownerDesignName>wc_logical</ownerDesignName>
<engineerTo>
<item key="D7394ABE-E697-87ED-9E26-BBB83BCAED4B" value="true"/>
</engineerTo>
<adequatelyNormalized>NO</adequatelyNormalized>
<expectedVolumes>0</expectedVolumes>
<fwdEngineeringStrategyName>Single Table</fwdEngineeringStrategyName>
<growthPercent>0</growthPercent>
<growthType>Year</growthType>
<maxVolumes>9999999</maxVolumes>
<minVolumes>0</minVolumes>
<normalForm>Third</normalForm>
<attributes itemClass="oracle.dbtools.crest.model.design.logical.Attribute">
<Attribute name="tour_id" id="B68CE93C-B23F-0656-4F45-E81946709C52">
<createdBy>cileong</createdBy>
<createdTime>2022-04-26 16:23:34 UTC</createdTime>
<commentInRDBMS><![CDATA[Tour's ID]]></commentInRDBMS>
<ownerDesignName>wc_logical</ownerDesignName>
<engineerTo>
<item key="D7394ABE-E697-87ED-9E26-BBB83BCAED4B" value="true"/>
</engineerTo>
<useDomainConstraints>false</useDomainConstraints>
<use>1</use>
<logicalDatatype>LOGDT019</logicalDatatype>
<dataTypePrecision>6</dataTypePrecision>
<ownDataTypeParameters>,6,</ownDataTypeParameters>
</Attribute>
<Attribute name="port_code" id="40BBA866-A6ED-D687-9FC9-119D49FC967D">
<createdBy>cileong</createdBy>
<createdTime>2022-04-26 08:05:44 UTC</createdTime>
<commentInRDBMS><![CDATA[The code that uniquely identifies the port]]></commentInRDBMS>
<generatorID>7DE46316-50E8-1D4E-1670-51662623F421</generatorID>
<ownerDesignName>wc_logical</ownerDesignName>
<engineerTo>
<item key="D7394ABE-E697-87ED-9E26-BBB83BCAED4B" value="true"/>
</engineerTo>
<referedAttribute>1E5A0C15-B216-6456-A5D3-BD5F1EE9C5E1</referedAttribute>
<useDomainConstraints>false</useDomainConstraints>
<use>1</use>
<logicalDatatype>LOGDT025</logicalDatatype>
<dataTypeSize>5 CHAR</dataTypeSize>
<ownDataTypeParameters>,,</ownDataTypeParameters>
</Attribute>
<Attribute name="tour_no" id="7B894B53-4A33-D35C-F147-BA8B9370EE07">
<createdBy>cileong</createdBy>
<createdTime>2022-04-25 16:29:03 UTC</createdTime>
<commentInRDBMS><![CDATA[Tour number]]></commentInRDBMS>
<ownerDesignName>wc_logical</ownerDesignName>
<engineerTo>
<item key="D7394ABE-E697-87ED-9E26-BBB83BCAED4B" value="true"/>
</engineerTo>
<useDomainConstraints>false</useDomainConstraints>
<use>1</use>
<logicalDatatype>LOGDT019</logicalDatatype>
<dataTypePrecision>1</dataTypePrecision>
<ownDataTypeParameters>,1,</ownDataTypeParameters>
</Attribute>
<Attribute name="tour_name" id="76C377A9-2767-5589-1FD6-B1CF9F21130F">
<createdBy>cileong</createdBy>
<createdTime>2022-04-25 16:30:03 UTC</createdTime>
<commentInRDBMS><![CDATA[Tour's short description]]></commentInRDBMS>
<ownerDesignName>wc_logical</ownerDesignName>
<engineerTo>
<item key="D7394ABE-E697-87ED-9E26-BBB83BCAED4B" value="true"/>
</engineerTo>
<useDomainConstraints>false</useDomainConstraints>
<use>1</use>
<logicalDatatype>LOGDT024</logicalDatatype>
<dataTypeSize>50 CHAR</dataTypeSize>
<ownDataTypeParameters>50 CHAR,,</ownDataTypeParameters>
</Attribute>
<Attribute name="tour_desc" id="6E13A808-7889-AB0F-53FD-1DD0D5DF33D6">
<createdBy>cileong</createdBy>
<createdTime>2022-04-26 08:04:50 UTC</createdTime>
<commentInRDBMS><![CDATA[A brief description of the tour]]></commentInRDBMS>
<ownerDesignName>wc_logical</ownerDesignName>
<engineerTo>
<item key="D7394ABE-E697-87ED-9E26-BBB83BCAED4B" value="true"/>
</engineerTo>
<useDomainConstraints>false</useDomainConstraints>
<use>1</use>
<logicalDatatype>LOGDT024</logicalDatatype>
<dataTypeSize>99 CHAR</dataTypeSize>
<ownDataTypeParameters>99 CHAR,,</ownDataTypeParameters>
</Attribute>
<Attribute name="tour_hrs_req" id="CBF73953-DC27-6FAE-69FD-B7CA94E3A175">
<createdBy>cileong</createdBy>
<createdTime>2022-04-25 16:30:24 UTC</createdTime>
<commentInRDBMS><![CDATA[The hours requirement of the tour]]></commentInRDBMS>
<ownerDesignName>wc_logical</ownerDesignName>
<engineerTo>
<item key="D7394ABE-E697-87ED-9E26-BBB83BCAED4B" value="true"/>
</engineerTo>
<useDomainConstraints>false</useDomainConstraints>
<use>1</use>
<logicalDatatype>LOGDT019</logicalDatatype>
<dataTypePrecision>3</dataTypePrecision>
<dataTypeScale>1</dataTypeScale>
<ownDataTypeParameters>,3,1</ownDataTypeParameters>
<listOfRanges>
<rangeDef class="oracle.dbtools.crest.model.design.constraint.AVT">
<beginValue>0</beginValue>
<endValue>24</endValue>
</rangeDef>
</listOfRanges>
</Attribute>
<Attribute name="tour_cost" id="15F0659A-B030-DF71-4482-8A68A51527F9">
<createdBy>cileong</createdBy>
<createdTime>2022-04-25 16:30:38 UTC</createdTime>
<commentInRDBMS><![CDATA[The cost per person of the tour]]></commentInRDBMS>
<ownerDesignName>wc_logical</ownerDesignName>
<engineerTo>
<item key="D7394ABE-E697-87ED-9E26-BBB83BCAED4B" value="true"/>
</engineerTo>
<useDomainConstraints>false</useDomainConstraints>
<use>1</use>
<logicalDatatype>LOGDT019</logicalDatatype>
<dataTypePrecision>3</dataTypePrecision>
<ownDataTypeParameters>,3,</ownDataTypeParameters>
</Attribute>
<Attribute name="tour_wc_access" id="F2B4C797-D073-7B18-0F41-FF4BD673257A">
<createdBy>cileong</createdBy>
<createdTime>2022-04-25 16:30:41 UTC</createdTime>
<commentInRDBMS><![CDATA[The tour's wheelchair access]]></commentInRDBMS>
<ownerDesignName>wc_logical</ownerDesignName>
<engineerTo>
<item key="D7394ABE-E697-87ED-9E26-BBB83BCAED4B" value="true"/>
</engineerTo>
<useDomainConstraints>false</useDomainConstraints>
<use>1</use>
<logicalDatatype>LOGDT025</logicalDatatype>
<dataTypeSize>1 CHAR</dataTypeSize>
<ownDataTypeParameters>1 CHAR,,</ownDataTypeParameters>
</Attribute>
<Attribute name="tour_availability" id="6B8E5A58-67D3-6D85-2ECF-EEC7B181BB09">
<createdBy>cileong</createdBy>
<createdTime>2022-04-25 16:30:50 UTC</createdTime>
<commentInRDBMS><![CDATA[The interval of which the tour is available]]></commentInRDBMS>
<ownerDesignName>wc_logical</ownerDesignName>
<engineerTo>
<item key="D7394ABE-E697-87ED-9E26-BBB83BCAED4B" value="true"/>
</engineerTo>
<useDomainConstraints>false</useDomainConstraints>
<use>1</use>
<logicalDatatype>LOGDT024</logicalDatatype>
<dataTypeSize>70 CHAR</dataTypeSize>
<ownDataTypeParameters>70 CHAR,,</ownDataTypeParameters>
</Attribute>
<Attribute name="tour_start_time" id="1EAEF68B-ED7F-7B59-F477-BF05145D1E16">
<createdBy>cileong</createdBy>
<createdTime>2022-04-25 16:30:55 UTC</createdTime>
<commentInRDBMS><![CDATA[The start time of the tour]]></commentInRDBMS>
<ownerDesignName>wc_logical</ownerDesignName>
<engineerTo>
<item key="D7394ABE-E697-87ED-9E26-BBB83BCAED4B" value="true"/>
</engineerTo>
<useDomainConstraints>false</useDomainConstraints>
<use>1</use>
<logicalDatatype>LOGDT007</logicalDatatype>
<ownDataTypeParameters>,,</ownDataTypeParameters>
</Attribute>
<Attribute name="tour_min_participants" id="8FCA98D0-A3AE-90EF-78EB-E6494FEDBABD">
<createdBy>cileong</createdBy>
<createdTime>2022-04-26 16:33:35 UTC</createdTime>
<commentInRDBMS><![CDATA[Minimum number of participants that must be hit before the tour will be hosted]]></commentInRDBMS>
<ownerDesignName>wc_logical</ownerDesignName>
<engineerTo>
<item key="D7394ABE-E697-87ED-9E26-BBB83BCAED4B" value="true"/>
</engineerTo>
<useDomainConstraints>false</useDomainConstraints>
<use>1</use>
<logicalDatatype>LOGDT019</logicalDatatype>
<dataTypePrecision>5</dataTypePrecision>
<ownDataTypeParameters>,5,</ownDataTypeParameters>
</Attribute>
</attributes>
<identifiers itemClass="oracle.dbtools.crest.model.design.logical.CandidateKey">
<identifier id="40BB3EA2-1E7A-C9A0-3D98-AFBBC7A482A9" name="TOUR PK">
<createdBy>cileong</createdBy>
<createdTime>2022-04-25 16:29:47 UTC</createdTime>
<ownerDesignName>wc_logical</ownerDesignName>
<shouldEngineer>false</shouldEngineer>
<engineerTo>
<item key="D7394ABE-E697-87ED-9E26-BBB83BCAED4B" value="false"/>
</engineerTo>
<pk>true</pk>
<usedAttributes>
<attributeRef>B68CE93C-B23F-0656-4F45-E81946709C52</attributeRef>
</usedAttributes>
</identifier>
<identifier id="4F452A82-8724-E88F-5ADD-F0C6A5FF3D1C" name="TOUR NK">
<createdBy>cileong</createdBy>
<createdTime>2022-04-26 16:20:39 UTC</createdTime>
<ownerDesignName>wc_logical</ownerDesignName>
<shouldEngineer>false</shouldEngineer>
<engineerTo>
<item key="D7394ABE-E697-87ED-9E26-BBB83BCAED4B" value="false"/>
</engineerTo>
<newElementsIDs>7B894B53-4A33-D35C-F147-BA8B9370EE07,40BBA866-A6ED-D687-9FC9-119D49FC967D</newElementsIDs>
<usedAttributes>
<attributeRef>7B894B53-4A33-D35C-F147-BA8B9370EE07</attributeRef>
<attributeRef>40BBA866-A6ED-D687-9FC9-119D49FC967D</attributeRef>
</usedAttributes>
</identifier>
</identifiers>
</Entity>
