<?xml version = '1.0' encoding = 'UTF-8'?>
<Entity class="oracle.dbtools.crest.model.design.logical.Entity" directorySegmentName="seg_0" id="529059E4-651E-95D8-324D-4313CF9ADBDC" name="MANIFEST">
<createdBy>cileong</createdBy>
<createdTime>2022-04-26 06:17:05 UTC</createdTime>
<ownerDesignName>wc_logical</ownerDesignName>
<engineerTo>
<item key="D7394ABE-E697-87ED-9E26-BBB83BCAED4B" value="true"/>
</engineerTo>
<adequatelyNormalized>NO</adequatelyNormalized>
<expectedVolumes>0</expectedVolumes>
<fwdEngineeringStrategyName>Single Table</fwdEngineeringStrategyName>
<growthPercent>0</growthPercent>
<growthType>Year</growthType>
<maxVolumes>9999999</maxVolumes>
<minVolumes>0</minVolumes>
<normalForm>Third</normalForm>
<attributes itemClass="oracle.dbtools.crest.model.design.logical.Attribute">
<Attribute name="cruise_id" id="FD0DE520-FFFC-2224-3B48-C3E055A2CF57">
<createdBy>cileong</createdBy>
<createdTime>2022-04-26 06:31:40 UTC</createdTime>
<commentInRDBMS><![CDATA[The ID that uniquely identifies the cruise]]></commentInRDBMS>
<generatorID>F33C7BA1-B310-D369-0D69-13B8FF16F23D</generatorID>
<ownerDesignName>wc_logical</ownerDesignName>
<engineerTo>
<item key="D7394ABE-E697-87ED-9E26-BBB83BCAED4B" value="true"/>
</engineerTo>
<referedAttribute>8B0581A4-CC1A-C02A-E62F-E42EE8501C3C</referedAttribute>
<useDomainConstraints>false</useDomainConstraints>
<use>1</use>
<logicalDatatype>LOGDT019</logicalDatatype>
<dataTypePrecision>4</dataTypePrecision>
<ownDataTypeParameters>,4,</ownDataTypeParameters>
</Attribute>
<Attribute name="passenger_id" id="D4CB3C2F-1151-5A83-5115-B49A0D6F2D29">
<createdBy>cileong</createdBy>
<createdTime>2022-04-26 06:23:27 UTC</createdTime>
<commentInRDBMS><![CDATA[Passenger ID]]></commentInRDBMS>
<generatorID>0F8E621D-C1DB-C083-B6CE-B14001A6E7BB</generatorID>
<ownerDesignName>wc_logical</ownerDesignName>
<engineerTo>
<item key="D7394ABE-E697-87ED-9E26-BBB83BCAED4B" value="true"/>
</engineerTo>
<referedAttribute>27102B4A-83BE-EBC4-6371-90050E010E75</referedAttribute>
<useDomainConstraints>false</useDomainConstraints>
<use>1</use>
<logicalDatatype>LOGDT019</logicalDatatype>
<dataTypePrecision>5</dataTypePrecision>
<ownDataTypeParameters>,5,</ownDataTypeParameters>
</Attribute>
<Attribute name="ship_code" id="2A79B701-E9C5-419C-FF44-4BAD8827D36D">
<createdBy>cileong</createdBy>
<createdTime>2022-04-26 06:19:15 UTC</createdTime>
<commentInRDBMS><![CDATA[Ship's code]]></commentInRDBMS>
<generatorID>61A95D75-D0D6-1AD8-57F0-4D29E9DF5819</generatorID>
<ownerDesignName>wc_logical</ownerDesignName>
<engineerTo>
<item key="D7394ABE-E697-87ED-9E26-BBB83BCAED4B" value="true"/>
</engineerTo>
<referedAttribute>3388F9D3-7A99-78A2-5336-659D732F2429</referedAttribute>
<useDomainConstraints>false</useDomainConstraints>
<use>1</use>
<logicalDatatype>LOGDT019</logicalDatatype>
<dataTypePrecision>5</dataTypePrecision>
<ownDataTypeParameters>,5,</ownDataTypeParameters>
</Attribute>
<Attribute name="cabin_no" id="BBC2C35C-B726-86D6-97BB-A46989F6471A">
<createdBy>cileong</createdBy>
<createdTime>2022-04-26 06:19:15 UTC</createdTime>
<commentInRDBMS><![CDATA[The number that uniquely identifies the cabin]]></commentInRDBMS>
<generatorID>61A95D75-D0D6-1AD8-57F0-4D29E9DF5819</generatorID>
<ownerDesignName>wc_logical</ownerDesignName>
<engineerTo>
<item key="D7394ABE-E697-87ED-9E26-BBB83BCAED4B" value="true"/>
</engineerTo>
<referedAttribute>B5220D4F-A967-3E17-634C-A5D3DC832469</referedAttribute>
<useDomainConstraints>false</useDomainConstraints>
<use>1</use>
<logicalDatatype>LOGDT019</logicalDatatype>
<dataTypePrecision>4</dataTypePrecision>
<ownDataTypeParameters>,4,</ownDataTypeParameters>
</Attribute>
<Attribute name="man_boarding_datetime" id="C7209D94-106F-C591-1A92-1B8AB0999046">
<createdBy>cileong</createdBy>
<createdTime>2022-04-26 06:17:33 UTC</createdTime>
<commentInRDBMS><![CDATA[The passenger's boarding date and time]]></commentInRDBMS>
<ownerDesignName>wc_logical</ownerDesignName>
<engineerTo>
<item key="D7394ABE-E697-87ED-9E26-BBB83BCAED4B" value="true"/>
</engineerTo>
<useDomainConstraints>false</useDomainConstraints>
<use>1</use>
<logicalDatatype>LOGDT007</logicalDatatype>
<ownDataTypeParameters>,,</ownDataTypeParameters>
</Attribute>
</attributes>
<identifiers itemClass="oracle.dbtools.crest.model.design.logical.CandidateKey">
<identifier id="2F8C9255-E1B1-F4EC-B6AF-FD57C14C2DF2" name="MANIFEST PK">
<createdBy>cileong</createdBy>
<createdTime>2022-04-26 06:19:34 UTC</createdTime>
<ownerDesignName>wc_logical</ownerDesignName>
<engineerTo>
<item key="D7394ABE-E697-87ED-9E26-BBB83BCAED4B" value="true"/>
</engineerTo>
<pk>true</pk>
<usedAttributes>
<attributeRef>D4CB3C2F-1151-5A83-5115-B49A0D6F2D29</attributeRef>
<attributeRef>FD0DE520-FFFC-2224-3B48-C3E055A2CF57</attributeRef>
</usedAttributes>
</identifier>
</identifiers>
</Entity>
