<?xml version = '1.0' encoding = 'UTF-8'?>
<Entity class="oracle.dbtools.crest.model.design.logical.Entity" directorySegmentName="seg_0" id="62C48E95-E701-6EFF-0E8C-ED6CE289ED37" name="TOUR_REPORT_ENTRY">
<createdBy>cileong</createdBy>
<createdTime>2022-04-25 16:25:10 UTC</createdTime>
<ownerDesignName>wc_logical</ownerDesignName>
<engineerTo>
<item key="D7394ABE-E697-87ED-9E26-BBB83BCAED4B" value="true"/>
</engineerTo>
<adequatelyNormalized>NO</adequatelyNormalized>
<expectedVolumes>0</expectedVolumes>
<fwdEngineeringStrategyName>Single Table</fwdEngineeringStrategyName>
<growthPercent>0</growthPercent>
<growthType>Year</growthType>
<maxVolumes>9999999</maxVolumes>
<minVolumes>0</minVolumes>
<normalForm>Third</normalForm>
<attributes itemClass="oracle.dbtools.crest.model.design.logical.Attribute">
<Attribute name="tour_id" id="30E1D528-9BB6-3C45-31FD-DBC66CF9B09E">
<createdBy>cileong</createdBy>
<createdTime>2022-04-26 16:24:12 UTC</createdTime>
<generatorID>FB31322E-2044-3BB1-FA59-474526A88CA8</generatorID>
<ownerDesignName>wc_logical</ownerDesignName>
<engineerTo>
<item key="D7394ABE-E697-87ED-9E26-BBB83BCAED4B" value="true"/>
</engineerTo>
<referedAttribute>B3749CEB-94F3-E288-2468-29E48A41568B</referedAttribute>
<useDomainConstraints>false</useDomainConstraints>
<use>1</use>
<logicalDatatype>LOGDT019</logicalDatatype>
<dataTypePrecision>6</dataTypePrecision>
<ownDataTypeParameters>,,</ownDataTypeParameters>
</Attribute>
<Attribute name="tour_date" id="8A3A9D00-C778-4FC8-4BD3-AEDACA18806B">
<createdBy>cileong</createdBy>
<createdTime>2022-04-26 08:16:12 UTC</createdTime>
<commentInRDBMS><![CDATA[The date of the tour]]></commentInRDBMS>
<generatorID>FB31322E-2044-3BB1-FA59-474526A88CA8</generatorID>
<ownerDesignName>wc_logical</ownerDesignName>
<engineerTo>
<item key="D7394ABE-E697-87ED-9E26-BBB83BCAED4B" value="true"/>
</engineerTo>
<referedAttribute>1A5650DD-7CE4-D8B6-CE31-76DDB77A10BA</referedAttribute>
<useDomainConstraints>false</useDomainConstraints>
<use>1</use>
<logicalDatatype>LOGDT007</logicalDatatype>
<ownDataTypeParameters>,,</ownDataTypeParameters>
</Attribute>
<Attribute name="passenger_id" id="920D725E-C19D-423E-4E92-D0C343EE6D23">
<createdBy>cileong</createdBy>
<createdTime>2022-04-26 16:27:39 UTC</createdTime>
<commentInRDBMS><![CDATA[Passenger ID]]></commentInRDBMS>
<generatorID>2E35B628-9ED5-11BC-1AE0-E5ED670A8362</generatorID>
<ownerDesignName>wc_logical</ownerDesignName>
<engineerTo>
<item key="D7394ABE-E697-87ED-9E26-BBB83BCAED4B" value="true"/>
</engineerTo>
<referedAttribute>27102B4A-83BE-EBC4-6371-90050E010E75</referedAttribute>
<useDomainConstraints>false</useDomainConstraints>
<use>1</use>
<logicalDatatype>LOGDT019</logicalDatatype>
<dataTypePrecision>5</dataTypePrecision>
<ownDataTypeParameters>,,</ownDataTypeParameters>
</Attribute>
<Attribute name="cruise_id" id="B0993E67-BE09-E1BA-4A4B-019EAC9FAF4D">
<createdBy>cileong</createdBy>
<createdTime>2022-04-26 15:57:29 UTC</createdTime>
<commentInRDBMS><![CDATA[The ID that uniquely identifies the cruise]]></commentInRDBMS>
<generatorID>F87B2CAF-2E93-6D9C-37CB-B93B0C776848</generatorID>
<ownerDesignName>wc_logical</ownerDesignName>
<engineerTo>
<item key="D7394ABE-E697-87ED-9E26-BBB83BCAED4B" value="true"/>
</engineerTo>
<referedAttribute>8B0581A4-CC1A-C02A-E62F-E42EE8501C3C</referedAttribute>
<useDomainConstraints>false</useDomainConstraints>
<use>1</use>
<logicalDatatype>LOGDT019</logicalDatatype>
<dataTypePrecision>4</dataTypePrecision>
<ownDataTypeParameters>,,</ownDataTypeParameters>
</Attribute>
<Attribute name="pay_received" id="2EEFAB5F-0631-420B-060F-D68A6AE006BB">
<createdBy>cileong</createdBy>
<createdTime>2022-04-25 16:31:37 UTC</createdTime>
<commentInRDBMS><![CDATA[Indicates whether the payment has been received]]></commentInRDBMS>
<ownerDesignName>wc_logical</ownerDesignName>
<engineerTo>
<item key="D7394ABE-E697-87ED-9E26-BBB83BCAED4B" value="true"/>
</engineerTo>
<constraintName>CONSTRAINT PAY RECEIVED</constraintName>
<useDomainConstraints>false</useDomainConstraints>
<use>1</use>
<logicalDatatype>LOGDT025</logicalDatatype>
<dataTypeSize>1 CHAR</dataTypeSize>
<listOfValues>
<valueDef value="N" description="No"/>
<valueDef value="Y" description="Yes"/>
</listOfValues>
<ownDataTypeParameters>1 CHAR,,</ownDataTypeParameters>
</Attribute>
</attributes>
<identifiers itemClass="oracle.dbtools.crest.model.design.logical.CandidateKey">
<identifier id="3B576205-34EE-8C64-1F94-4986ECE8798E" name="TOUR_REPORT_ENTRY PK">
<createdBy>cileong</createdBy>
<createdTime>2022-04-26 08:16:22 UTC</createdTime>
<ownerDesignName>wc_logical</ownerDesignName>
<engineerTo>
<item key="D7394ABE-E697-87ED-9E26-BBB83BCAED4B" value="true"/>
</engineerTo>
<pk>true</pk>
<usedAttributes>
<attributeRef>8A3A9D00-C778-4FC8-4BD3-AEDACA18806B</attributeRef>
<attributeRef>30E1D528-9BB6-3C45-31FD-DBC66CF9B09E</attributeRef>
<attributeRef>920D725E-C19D-423E-4E92-D0C343EE6D23</attributeRef>
</usedAttributes>
</identifier>
</identifiers>
</Entity>
