<?xml version = '1.0' encoding = 'UTF-8'?>
<Entity class="oracle.dbtools.crest.model.design.logical.Entity" directorySegmentName="seg_0" id="ABDE8D55-CE04-6F0F-7995-AD17682E2C68" name="LANGUAGE">
<createdBy>cileong</createdBy>
<createdTime>2022-04-26 15:03:51 UTC</createdTime>
<ownerDesignName>wc_logical</ownerDesignName>
<engineerTo>
<item key="D7394ABE-E697-87ED-9E26-BBB83BCAED4B" value="true"/>
</engineerTo>
<adequatelyNormalized>NO</adequatelyNormalized>
<expectedVolumes>0</expectedVolumes>
<fwdEngineeringStrategyName>Single Table</fwdEngineeringStrategyName>
<growthPercent>0</growthPercent>
<growthType>Year</growthType>
<maxVolumes>9999999</maxVolumes>
<minVolumes>0</minVolumes>
<normalForm>Third</normalForm>
<attributes itemClass="oracle.dbtools.crest.model.design.logical.Attribute">
<Attribute name="language_code" id="0F60C0D3-9C7B-EE3E-B741-27BCDB1729B2">
<createdBy>cileong</createdBy>
<createdTime>2022-04-26 15:03:58 UTC</createdTime>
<commentInRDBMS><![CDATA[Language code stored in ISO 639-1 Alpha-2 format]]></commentInRDBMS>
<ownerDesignName>wc_logical</ownerDesignName>
<engineerTo>
<item key="D7394ABE-E697-87ED-9E26-BBB83BCAED4B" value="true"/>
</engineerTo>
<useDomainConstraints>false</useDomainConstraints>
<use>1</use>
<logicalDatatype>LOGDT025</logicalDatatype>
<dataTypeSize>2 CHAR</dataTypeSize>
<ownDataTypeParameters>2 CHAR,,</ownDataTypeParameters>
</Attribute>
<Attribute name="language_name" id="1C21A117-3A2C-AEF8-E5D4-FA3EC6B9E8B0">
<createdBy>cileong</createdBy>
<createdTime>2022-04-26 16:16:55 UTC</createdTime>
<commentInRDBMS><![CDATA[The name of the language]]></commentInRDBMS>
<ownerDesignName>wc_logical</ownerDesignName>
<engineerTo>
<item key="D7394ABE-E697-87ED-9E26-BBB83BCAED4B" value="true"/>
</engineerTo>
<useDomainConstraints>false</useDomainConstraints>
<use>1</use>
<logicalDatatype>LOGDT024</logicalDatatype>
<dataTypeSize>25 CHAR</dataTypeSize>
<ownDataTypeParameters>25 CHAR,,</ownDataTypeParameters>
</Attribute>
</attributes>
<identifiers itemClass="oracle.dbtools.crest.model.design.logical.CandidateKey">
<identifier id="89AA5E49-3FA8-FFB2-62F4-54DF77BF03FE" name="LANGUAGE PK">
<createdBy>cileong</createdBy>
<createdTime>2022-04-26 15:04:09 UTC</createdTime>
<ownerDesignName>wc_logical</ownerDesignName>
<engineerTo>
<item key="D7394ABE-E697-87ED-9E26-BBB83BCAED4B" value="true"/>
</engineerTo>
<pk>true</pk>
<usedAttributes>
<attributeRef>0F60C0D3-9C7B-EE3E-B741-27BCDB1729B2</attributeRef>
</usedAttributes>
</identifier>
</identifiers>
</Entity>
