<?xml version = '1.0' encoding = 'UTF-8'?>
<Entity class="oracle.dbtools.crest.model.design.logical.Entity" directorySegmentName="seg_0" id="CB6DB628-F7B8-2AFE-C7EE-6D6EF340F0BD" name="PORT_TEMP">
<createdBy>cileong</createdBy>
<createdTime>2022-04-25 16:24:38 UTC</createdTime>
<ownerDesignName>wc_logical</ownerDesignName>
<engineerTo>
<item key="D7394ABE-E697-87ED-9E26-BBB83BCAED4B" value="true"/>
</engineerTo>
<adequatelyNormalized>NO</adequatelyNormalized>
<expectedVolumes>0</expectedVolumes>
<fwdEngineeringStrategyName>Single Table</fwdEngineeringStrategyName>
<growthPercent>0</growthPercent>
<growthType>Year</growthType>
<maxVolumes>9999999</maxVolumes>
<minVolumes>0</minVolumes>
<normalForm>Third</normalForm>
<attributes itemClass="oracle.dbtools.crest.model.design.logical.Attribute">
<Attribute name="port_code" id="CA6C5DBA-B346-E2DD-58D5-3E9BC5C4B345">
<createdBy>cileong</createdBy>
<createdTime>2022-04-26 15:46:52 UTC</createdTime>
<commentInRDBMS><![CDATA[The code that uniquely identifies the port]]></commentInRDBMS>
<generatorID>BBD819E8-EC3B-BF0D-AC46-04C06E3CA990</generatorID>
<ownerDesignName>wc_logical</ownerDesignName>
<engineerTo>
<item key="D7394ABE-E697-87ED-9E26-BBB83BCAED4B" value="true"/>
</engineerTo>
<referedAttribute>1E5A0C15-B216-6456-A5D3-BD5F1EE9C5E1</referedAttribute>
<useDomainConstraints>false</useDomainConstraints>
<use>1</use>
<logicalDatatype>LOGDT025</logicalDatatype>
<dataTypeSize>5 CHAR</dataTypeSize>
<ownDataTypeParameters>,,</ownDataTypeParameters>
</Attribute>
<Attribute name="pt_month" id="35E3BC14-51F4-4939-E644-BCE28B392512">
<createdBy>cileong</createdBy>
<createdTime>2022-04-25 16:27:22 UTC</createdTime>
<commentInRDBMS><![CDATA[The recorded month]]></commentInRDBMS>
<ownerDesignName>wc_logical</ownerDesignName>
<engineerTo>
<item key="D7394ABE-E697-87ED-9E26-BBB83BCAED4B" value="true"/>
</engineerTo>
<constraintName>CONSTRAINT PT_MONTH</constraintName>
<useDomainConstraints>false</useDomainConstraints>
<use>1</use>
<logicalDatatype>LOGDT025</logicalDatatype>
<dataTypeSize>3 CHAR</dataTypeSize>
<listOfValues>
<valueDef value="Apr" description="April"/>
<valueDef value="Aug" description="August"/>
<valueDef value="Dec" description="December"/>
<valueDef value="Feb" description="February"/>
<valueDef value="Jan" description="January"/>
<valueDef value="Jul" description="July"/>
<valueDef value="Jun" description="June"/>
<valueDef value="Mar" description="March"/>
<valueDef value="May" description="May"/>
<valueDef value="Nov" description="November"/>
<valueDef value="Oct" description="October"/>
<valueDef value="Sep" description="September"/>
</listOfValues>
<ownDataTypeParameters>3 CHAR,,</ownDataTypeParameters>
</Attribute>
<Attribute name="pt_avg_high" id="5C9AD7E2-DB30-37B0-0859-D39C49D6B053">
<createdBy>cileong</createdBy>
<createdTime>2022-04-25 16:28:19 UTC</createdTime>
<commentInRDBMS><![CDATA[Port's temperature (average high)]]></commentInRDBMS>
<ownerDesignName>wc_logical</ownerDesignName>
<engineerTo>
<item key="D7394ABE-E697-87ED-9E26-BBB83BCAED4B" value="true"/>
</engineerTo>
<useDomainConstraints>false</useDomainConstraints>
<use>1</use>
<logicalDatatype>LOGDT019</logicalDatatype>
<dataTypePrecision>2</dataTypePrecision>
<ownDataTypeParameters>,2,</ownDataTypeParameters>
</Attribute>
<Attribute name="pt_avg_low" id="D36614DE-8712-3E8A-C241-AEBC3159302A">
<createdBy>cileong</createdBy>
<createdTime>2022-04-25 16:28:30 UTC</createdTime>
<commentInRDBMS><![CDATA[Port's temperature (average low)]]></commentInRDBMS>
<ownerDesignName>wc_logical</ownerDesignName>
<engineerTo>
<item key="D7394ABE-E697-87ED-9E26-BBB83BCAED4B" value="true"/>
</engineerTo>
<useDomainConstraints>false</useDomainConstraints>
<use>1</use>
<logicalDatatype>LOGDT019</logicalDatatype>
<dataTypePrecision>2</dataTypePrecision>
<ownDataTypeParameters>,2,</ownDataTypeParameters>
</Attribute>
</attributes>
<identifiers itemClass="oracle.dbtools.crest.model.design.logical.CandidateKey">
<identifier id="A26E76E7-A22A-150E-AE10-6FEFBA78A4AC" name="PORT_TEMP PK">
<createdBy>cileong</createdBy>
<createdTime>2022-04-25 16:28:10 UTC</createdTime>
<ownerDesignName>wc_logical</ownerDesignName>
<engineerTo>
<item key="D7394ABE-E697-87ED-9E26-BBB83BCAED4B" value="true"/>
</engineerTo>
<pk>true</pk>
<usedAttributes>
<attributeRef>35E3BC14-51F4-4939-E644-BCE28B392512</attributeRef>
<attributeRef>CA6C5DBA-B346-E2DD-58D5-3E9BC5C4B345</attributeRef>
</usedAttributes>
</identifier>
</identifiers>
</Entity>
