<?xml version = '1.0' encoding = 'UTF-8'?>
<Entity class="oracle.dbtools.crest.model.design.logical.Entity" directorySegmentName="seg_0" id="CCDC2CC1-0993-CC91-AEDF-05FE25733762" name="PASSENGER_ADDRESS">
<createdBy>cileong</createdBy>
<createdTime>2022-04-26 04:00:55 UTC</createdTime>
<ownerDesignName>wc_logical</ownerDesignName>
<engineerTo>
<item key="D7394ABE-E697-87ED-9E26-BBB83BCAED4B" value="true"/>
</engineerTo>
<adequatelyNormalized>NO</adequatelyNormalized>
<expectedVolumes>0</expectedVolumes>
<fwdEngineeringStrategyName>Single Table</fwdEngineeringStrategyName>
<growthPercent>0</growthPercent>
<growthType>Year</growthType>
<maxVolumes>9999999</maxVolumes>
<minVolumes>0</minVolumes>
<normalForm>Third</normalForm>
<attributes itemClass="oracle.dbtools.crest.model.design.logical.Attribute">
<Attribute name="pa_id" id="6609401F-72E5-FA18-51B2-DD3744BA7301">
<createdBy>cileong</createdBy>
<createdTime>2022-04-26 04:01:27 UTC</createdTime>
<commentInRDBMS><![CDATA[Address ID]]></commentInRDBMS>
<ownerDesignName>wc_logical</ownerDesignName>
<engineerTo>
<item key="D7394ABE-E697-87ED-9E26-BBB83BCAED4B" value="true"/>
</engineerTo>
<useDomainConstraints>false</useDomainConstraints>
<use>1</use>
<logicalDatatype>LOGDT019</logicalDatatype>
<dataTypePrecision>5</dataTypePrecision>
<ownDataTypeParameters>,5,</ownDataTypeParameters>
</Attribute>
<Attribute name="pa_street" id="E0CBF8FF-DF77-2462-D5DA-B52BDB6B70FD">
<createdBy>cileong</createdBy>
<createdTime>2022-04-26 04:01:31 UTC</createdTime>
<commentInRDBMS><![CDATA[Street address]]></commentInRDBMS>
<ownerDesignName>wc_logical</ownerDesignName>
<engineerTo>
<item key="D7394ABE-E697-87ED-9E26-BBB83BCAED4B" value="true"/>
</engineerTo>
<useDomainConstraints>false</useDomainConstraints>
<use>1</use>
<logicalDatatype>LOGDT024</logicalDatatype>
<dataTypeSize>99 CHAR</dataTypeSize>
<ownDataTypeParameters>99 CHAR,,</ownDataTypeParameters>
</Attribute>
<Attribute name="pa_town" id="8C1BAE4B-1C3F-3190-B040-2AD4BB2302D4">
<createdBy>cileong</createdBy>
<createdTime>2022-04-26 04:01:36 UTC</createdTime>
<commentInRDBMS><![CDATA[The town the address belongs to]]></commentInRDBMS>
<ownerDesignName>wc_logical</ownerDesignName>
<engineerTo>
<item key="D7394ABE-E697-87ED-9E26-BBB83BCAED4B" value="true"/>
</engineerTo>
<useDomainConstraints>false</useDomainConstraints>
<use>1</use>
<logicalDatatype>LOGDT024</logicalDatatype>
<dataTypeSize>99 CHAR</dataTypeSize>
<ownDataTypeParameters>99 CHAR,,</ownDataTypeParameters>
</Attribute>
<Attribute name="pa_postcode" id="56B147B9-063A-4AA0-D533-70906D3C27D0">
<createdBy>cileong</createdBy>
<createdTime>2022-04-26 04:01:41 UTC</createdTime>
<commentInRDBMS><![CDATA[Postcode]]></commentInRDBMS>
<ownerDesignName>wc_logical</ownerDesignName>
<engineerTo>
<item key="D7394ABE-E697-87ED-9E26-BBB83BCAED4B" value="true"/>
</engineerTo>
<useDomainConstraints>false</useDomainConstraints>
<use>1</use>
<logicalDatatype>LOGDT024</logicalDatatype>
<dataTypeSize>10 CHAR</dataTypeSize>
<ownDataTypeParameters>10 CHAR,,</ownDataTypeParameters>
</Attribute>
<Attribute name="pa_country_code" id="D7D22E22-39C1-509D-6439-794995E11DC2">
<createdBy>cileong</createdBy>
<createdTime>2022-04-26 14:56:32 UTC</createdTime>
<commentInRDBMS><![CDATA[Country's code]]></commentInRDBMS>
<generatorID>5E7AD633-422E-B601-C0AE-C2EB0432D58C</generatorID>
<ownerDesignName>wc_logical</ownerDesignName>
<engineerTo>
<item key="D7394ABE-E697-87ED-9E26-BBB83BCAED4B" value="true"/>
</engineerTo>
<referedAttribute>39B2AFDE-4368-0EC9-4187-F64A0E4BD25D</referedAttribute>
<useDomainConstraints>false</useDomainConstraints>
<use>1</use>
<logicalDatatype>LOGDT025</logicalDatatype>
<dataTypeSize>2 CHAR</dataTypeSize>
<ownDataTypeParameters>,,</ownDataTypeParameters>
</Attribute>
</attributes>
<identifiers itemClass="oracle.dbtools.crest.model.design.logical.CandidateKey">
<identifier id="E54591FE-AA91-7057-96D6-28D205957A4C" name="ADDRESS PK">
<createdBy>cileong</createdBy>
<createdTime>2022-04-26 04:01:57 UTC</createdTime>
<ownerDesignName>wc_logical</ownerDesignName>
<engineerTo>
<item key="D7394ABE-E697-87ED-9E26-BBB83BCAED4B" value="true"/>
</engineerTo>
<pk>true</pk>
<usedAttributes>
<attributeRef>6609401F-72E5-FA18-51B2-DD3744BA7301</attributeRef>
</usedAttributes>
</identifier>
<identifier id="B5679C57-507C-054D-5B2A-96BF25166827" name="ADDRESS NK">
<createdBy>cileong</createdBy>
<createdTime>2022-04-26 15:35:48 UTC</createdTime>
<ownerDesignName>wc_logical</ownerDesignName>
<engineerTo>
<item key="D7394ABE-E697-87ED-9E26-BBB83BCAED4B" value="true"/>
</engineerTo>
<newElementsIDs>E0CBF8FF-DF77-2462-D5DA-B52BDB6B70FD,8C1BAE4B-1C3F-3190-B040-2AD4BB2302D4,56B147B9-063A-4AA0-D533-70906D3C27D0</newElementsIDs>
<usedAttributes>
<attributeRef>E0CBF8FF-DF77-2462-D5DA-B52BDB6B70FD</attributeRef>
<attributeRef>8C1BAE4B-1C3F-3190-B040-2AD4BB2302D4</attributeRef>
<attributeRef>56B147B9-063A-4AA0-D533-70906D3C27D0</attributeRef>
</usedAttributes>
</identifier>
</identifiers>
</Entity>
