<?xml version = '1.0' encoding = 'UTF-8'?>
<Entity class="oracle.dbtools.crest.model.design.logical.Entity" directorySegmentName="seg_0" id="DBB85DAE-958C-66AD-78B2-C21325EC13D4" name="CABIN">
<createdBy>cileong</createdBy>
<createdTime>2022-04-26 06:00:45 UTC</createdTime>
<ownerDesignName>wc_logical</ownerDesignName>
<engineerTo>
<item key="D7394ABE-E697-87ED-9E26-BBB83BCAED4B" value="true"/>
</engineerTo>
<adequatelyNormalized>NO</adequatelyNormalized>
<expectedVolumes>0</expectedVolumes>
<fwdEngineeringStrategyName>Single Table</fwdEngineeringStrategyName>
<growthPercent>0</growthPercent>
<growthType>Year</growthType>
<maxVolumes>9999999</maxVolumes>
<minVolumes>0</minVolumes>
<normalForm>Third</normalForm>
<attributes itemClass="oracle.dbtools.crest.model.design.logical.Attribute">
<Attribute name="ship_code" id="3388F9D3-7A99-78A2-5336-659D732F2429">
<createdBy>cileong</createdBy>
<createdTime>2022-04-26 06:14:12 UTC</createdTime>
<commentInRDBMS><![CDATA[Ship's code]]></commentInRDBMS>
<generatorID>4F07F293-A0CF-E462-DD42-5775953A68F3</generatorID>
<ownerDesignName>wc_logical</ownerDesignName>
<engineerTo>
<item key="D7394ABE-E697-87ED-9E26-BBB83BCAED4B" value="true"/>
</engineerTo>
<referedAttribute>405DF8C5-797B-8E84-9ED8-1DBF4469DD28</referedAttribute>
<useDomainConstraints>false</useDomainConstraints>
<use>1</use>
<logicalDatatype>LOGDT019</logicalDatatype>
<dataTypePrecision>5</dataTypePrecision>
<ownDataTypeParameters>,5,</ownDataTypeParameters>
</Attribute>
<Attribute name="cabin_no" id="B5220D4F-A967-3E17-634C-A5D3DC832469">
<createdBy>cileong</createdBy>
<createdTime>2022-04-26 06:00:53 UTC</createdTime>
<commentInRDBMS><![CDATA[The number that uniquely identifies the cabin]]></commentInRDBMS>
<ownerDesignName>wc_logical</ownerDesignName>
<engineerTo>
<item key="D7394ABE-E697-87ED-9E26-BBB83BCAED4B" value="true"/>
</engineerTo>
<useDomainConstraints>false</useDomainConstraints>
<use>1</use>
<logicalDatatype>LOGDT019</logicalDatatype>
<dataTypePrecision>4</dataTypePrecision>
<ownDataTypeParameters>,4,</ownDataTypeParameters>
</Attribute>
<Attribute name="cabin_capacity" id="AD1CCF31-0CC1-0D7B-87F6-EDD1F009735F">
<createdBy>cileong</createdBy>
<createdTime>2022-04-26 06:00:58 UTC</createdTime>
<commentInRDBMS><![CDATA[The capacity of the cabin]]></commentInRDBMS>
<ownerDesignName>wc_logical</ownerDesignName>
<engineerTo>
<item key="D7394ABE-E697-87ED-9E26-BBB83BCAED4B" value="true"/>
</engineerTo>
<useDomainConstraints>false</useDomainConstraints>
<use>1</use>
<logicalDatatype>LOGDT019</logicalDatatype>
<dataTypePrecision>1</dataTypePrecision>
<ownDataTypeParameters>,1,</ownDataTypeParameters>
</Attribute>
<Attribute name="cabin_class" id="BF38CAEA-60D0-80BA-F64A-7497A7DCCFA9">
<createdBy>cileong</createdBy>
<createdTime>2022-04-26 06:01:03 UTC</createdTime>
<commentInRDBMS><![CDATA[The class of the cabin]]></commentInRDBMS>
<ownerDesignName>wc_logical</ownerDesignName>
<engineerTo>
<item key="D7394ABE-E697-87ED-9E26-BBB83BCAED4B" value="true"/>
</engineerTo>
<constraintName>CONSTRAINT CABIN CLASS</constraintName>
<useDomainConstraints>false</useDomainConstraints>
<use>1</use>
<logicalDatatype>LOGDT025</logicalDatatype>
<dataTypeSize>1 CHAR</dataTypeSize>
<listOfValues>
<valueDef value="B" description="balcony"/>
<valueDef value="I" description="interior"/>
<valueDef value="O" description="ocean view"/>
<valueDef value="S" description="suite"/>
</listOfValues>
<ownDataTypeParameters>1 CHAR,,</ownDataTypeParameters>
</Attribute>
</attributes>
<identifiers itemClass="oracle.dbtools.crest.model.design.logical.CandidateKey">
<identifier id="645072D0-7653-8649-54D4-DDBF591F7F49" name="CABIN PK">
<createdBy>cileong</createdBy>
<createdTime>2022-04-26 06:01:46 UTC</createdTime>
<ownerDesignName>wc_logical</ownerDesignName>
<engineerTo>
<item key="D7394ABE-E697-87ED-9E26-BBB83BCAED4B" value="true"/>
</engineerTo>
<pk>true</pk>
<usedAttributes>
<attributeRef>B5220D4F-A967-3E17-634C-A5D3DC832469</attributeRef>
<attributeRef>3388F9D3-7A99-78A2-5336-659D732F2429</attributeRef>
</usedAttributes>
</identifier>
</identifiers>
</Entity>
