<?xml version = '1.0' encoding = 'UTF-8'?>
<Entity class="oracle.dbtools.crest.model.design.logical.Entity" directorySegmentName="seg_0" id="DF17E3AF-8D27-17AC-44FE-D8BFA2C3FC6F" name="SHIP">
<createdBy>cileong</createdBy>
<createdTime>2022-04-25 16:41:23 UTC</createdTime>
<ownerDesignName>wc_logical</ownerDesignName>
<engineerTo>
<item key="D7394ABE-E697-87ED-9E26-BBB83BCAED4B" value="true"/>
</engineerTo>
<adequatelyNormalized>NO</adequatelyNormalized>
<expectedVolumes>0</expectedVolumes>
<fwdEngineeringStrategyName>Single Table</fwdEngineeringStrategyName>
<growthPercent>0</growthPercent>
<growthType>Year</growthType>
<maxVolumes>9999999</maxVolumes>
<minVolumes>0</minVolumes>
<normalForm>Third</normalForm>
<attributes itemClass="oracle.dbtools.crest.model.design.logical.Attribute">
<Attribute name="ship_code" id="405DF8C5-797B-8E84-9ED8-1DBF4469DD28">
<createdBy>cileong</createdBy>
<createdTime>2022-04-25 16:41:43 UTC</createdTime>
<commentInRDBMS><![CDATA[Ship's code]]></commentInRDBMS>
<ownerDesignName>wc_logical</ownerDesignName>
<engineerTo>
<item key="D7394ABE-E697-87ED-9E26-BBB83BCAED4B" value="true"/>
</engineerTo>
<useDomainConstraints>false</useDomainConstraints>
<use>1</use>
<logicalDatatype>LOGDT019</logicalDatatype>
<dataTypePrecision>5</dataTypePrecision>
<ownDataTypeParameters>,5,</ownDataTypeParameters>
</Attribute>
<Attribute name="ship_name" id="37147897-D188-983A-E469-B2B7941599CC">
<createdBy>cileong</createdBy>
<createdTime>2022-04-25 16:58:28 UTC</createdTime>
<commentInRDBMS><![CDATA[The name of the ship]]></commentInRDBMS>
<ownerDesignName>wc_logical</ownerDesignName>
<engineerTo>
<item key="D7394ABE-E697-87ED-9E26-BBB83BCAED4B" value="true"/>
</engineerTo>
<useDomainConstraints>false</useDomainConstraints>
<use>1</use>
<logicalDatatype>LOGDT024</logicalDatatype>
<dataTypeSize>50 CHAR</dataTypeSize>
<ownDataTypeParameters>50 CHAR,,</ownDataTypeParameters>
</Attribute>
<Attribute name="ship_commission_date" id="7CA34278-8E76-7403-D3BA-E0D998C772EC">
<createdBy>cileong</createdBy>
<createdTime>2022-04-25 16:44:13 UTC</createdTime>
<commentInRDBMS><![CDATA[The date the ship was commissioned]]></commentInRDBMS>
<ownerDesignName>wc_logical</ownerDesignName>
<engineerTo>
<item key="D7394ABE-E697-87ED-9E26-BBB83BCAED4B" value="true"/>
</engineerTo>
<useDomainConstraints>false</useDomainConstraints>
<use>1</use>
<logicalDatatype>LOGDT007</logicalDatatype>
<ownDataTypeParameters>,,</ownDataTypeParameters>
</Attribute>
<Attribute name="ship_tonnage" id="79D506E7-3448-5CA0-B52A-4A72B2A8F177">
<createdBy>cileong</createdBy>
<createdTime>2022-04-25 16:44:46 UTC</createdTime>
<commentInRDBMS><![CDATA[The ship's tonnage]]></commentInRDBMS>
<ownerDesignName>wc_logical</ownerDesignName>
<engineerTo>
<item key="D7394ABE-E697-87ED-9E26-BBB83BCAED4B" value="true"/>
</engineerTo>
<useDomainConstraints>false</useDomainConstraints>
<use>1</use>
<logicalDatatype>LOGDT019</logicalDatatype>
<dataTypePrecision>7</dataTypePrecision>
<ownDataTypeParameters>,7,</ownDataTypeParameters>
</Attribute>
<Attribute name="ship_max_guest_capacity" id="32F8433B-C228-7121-1D2F-0F541B3DCC54">
<createdBy>cileong</createdBy>
<createdTime>2022-04-25 16:45:23 UTC</createdTime>
<commentInRDBMS><![CDATA[The maximum number of guest the ship can accept]]></commentInRDBMS>
<ownerDesignName>wc_logical</ownerDesignName>
<engineerTo>
<item key="D7394ABE-E697-87ED-9E26-BBB83BCAED4B" value="true"/>
</engineerTo>
<useDomainConstraints>false</useDomainConstraints>
<use>1</use>
<logicalDatatype>LOGDT019</logicalDatatype>
<dataTypePrecision>4</dataTypePrecision>
<ownDataTypeParameters>,4,</ownDataTypeParameters>
</Attribute>
<Attribute name="operator_id" id="2DC8BE35-A181-841A-5D39-D8CB7EFDEB16">
<createdBy>cileong</createdBy>
<createdTime>2022-04-25 16:59:59 UTC</createdTime>
<commentInRDBMS><![CDATA[Operator's ID]]></commentInRDBMS>
<generatorID>33BD3BFF-F9D4-DAEF-7732-E1347A455E42</generatorID>
<ownerDesignName>wc_logical</ownerDesignName>
<engineerTo>
<item key="D7394ABE-E697-87ED-9E26-BBB83BCAED4B" value="true"/>
</engineerTo>
<referedAttribute>83887166-8797-E2E6-52B4-76B7CB852DF7</referedAttribute>
<useDomainConstraints>false</useDomainConstraints>
<use>1</use>
<logicalDatatype>LOGDT019</logicalDatatype>
<dataTypePrecision>5</dataTypePrecision>
<ownDataTypeParameters>,5,</ownDataTypeParameters>
</Attribute>
<Attribute name="country_of_registration" id="3AB1EAC1-65AE-9026-7D54-2D8A3A423643">
<createdBy>cileong</createdBy>
<createdTime>2022-04-26 03:14:38 UTC</createdTime>
<commentInRDBMS><![CDATA[Country's code]]></commentInRDBMS>
<generatorID>2961C0EB-8577-B13C-A17D-3E4681ED7454</generatorID>
<ownerDesignName>wc_logical</ownerDesignName>
<engineerTo>
<item key="D7394ABE-E697-87ED-9E26-BBB83BCAED4B" value="true"/>
</engineerTo>
<referedAttribute>39B2AFDE-4368-0EC9-4187-F64A0E4BD25D</referedAttribute>
<useDomainConstraints>false</useDomainConstraints>
<use>1</use>
<logicalDatatype>LOGDT025</logicalDatatype>
<dataTypeSize>2 CHAR</dataTypeSize>
<ownDataTypeParameters>2 CHAR,,</ownDataTypeParameters>
</Attribute>
</attributes>
<identifiers itemClass="oracle.dbtools.crest.model.design.logical.CandidateKey">
<identifier id="630254F5-68E4-8427-F99C-96C6F09D9189" name="SHIP PK">
<createdBy>cileong</createdBy>
<createdTime>2022-04-25 16:41:55 UTC</createdTime>
<ownerDesignName>wc_logical</ownerDesignName>
<engineerTo>
<item key="D7394ABE-E697-87ED-9E26-BBB83BCAED4B" value="true"/>
</engineerTo>
<pk>true</pk>
<usedAttributes>
<attributeRef>405DF8C5-797B-8E84-9ED8-1DBF4469DD28</attributeRef>
</usedAttributes>
</identifier>
</identifiers>
</Entity>
