<?xml version = '1.0' encoding = 'UTF-8'?>
<Entity class="oracle.dbtools.crest.model.design.logical.Entity" directorySegmentName="seg_0" id="F55B625E-1369-E818-E0A8-6C11593CED39" name="OPERATOR">
<createdBy>cileong</createdBy>
<createdTime>2022-04-25 16:37:11 UTC</createdTime>
<ownerDesignName>wc_logical</ownerDesignName>
<engineerTo>
<item key="D7394ABE-E697-87ED-9E26-BBB83BCAED4B" value="true"/>
</engineerTo>
<adequatelyNormalized>NO</adequatelyNormalized>
<expectedVolumes>0</expectedVolumes>
<fwdEngineeringStrategyName>Single Table</fwdEngineeringStrategyName>
<growthPercent>0</growthPercent>
<growthType>Year</growthType>
<maxVolumes>9999999</maxVolumes>
<minVolumes>0</minVolumes>
<normalForm>Third</normalForm>
<attributes itemClass="oracle.dbtools.crest.model.design.logical.Attribute">
<Attribute name="operator_id" id="83887166-8797-E2E6-52B4-76B7CB852DF7">
<createdBy>cileong</createdBy>
<createdTime>2022-04-25 16:38:46 UTC</createdTime>
<commentInRDBMS><![CDATA[Operator's ID]]></commentInRDBMS>
<ownerDesignName>wc_logical</ownerDesignName>
<engineerTo>
<item key="D7394ABE-E697-87ED-9E26-BBB83BCAED4B" value="true"/>
</engineerTo>
<useDomainConstraints>false</useDomainConstraints>
<use>1</use>
<logicalDatatype>LOGDT019</logicalDatatype>
<dataTypePrecision>5</dataTypePrecision>
<ownDataTypeParameters>,5,</ownDataTypeParameters>
</Attribute>
<Attribute name="operator_name" id="A9D50B09-60D3-C2ED-55ED-B45C6B061D9A">
<createdBy>cileong</createdBy>
<createdTime>2022-04-25 16:39:54 UTC</createdTime>
<commentInRDBMS><![CDATA[Operator's name]]></commentInRDBMS>
<ownerDesignName>wc_logical</ownerDesignName>
<engineerTo>
<item key="D7394ABE-E697-87ED-9E26-BBB83BCAED4B" value="true"/>
</engineerTo>
<useDomainConstraints>false</useDomainConstraints>
<use>1</use>
<logicalDatatype>LOGDT024</logicalDatatype>
<dataTypeSize>50 CHAR</dataTypeSize>
<ownDataTypeParameters>50 CHAR,,</ownDataTypeParameters>
</Attribute>
<Attribute name="operator_ceo_name" id="27D6A0E2-E0BB-5A73-AE4D-3CEC61C31CAD">
<createdBy>cileong</createdBy>
<createdTime>2022-04-25 16:40:28 UTC</createdTime>
<commentInRDBMS><![CDATA[Operator's company CEO name]]></commentInRDBMS>
<ownerDesignName>wc_logical</ownerDesignName>
<engineerTo>
<item key="D7394ABE-E697-87ED-9E26-BBB83BCAED4B" value="true"/>
</engineerTo>
<useDomainConstraints>false</useDomainConstraints>
<use>1</use>
<logicalDatatype>LOGDT024</logicalDatatype>
<dataTypeSize>50 CHAR</dataTypeSize>
<ownDataTypeParameters>50 CHAR,,</ownDataTypeParameters>
</Attribute>
</attributes>
<identifiers itemClass="oracle.dbtools.crest.model.design.logical.CandidateKey">
<identifier id="A2B4750E-AD0F-E11F-F1EA-1277132C42F0" name="OPERATOR PK">
<createdBy>cileong</createdBy>
<createdTime>2022-04-25 16:38:52 UTC</createdTime>
<ownerDesignName>wc_logical</ownerDesignName>
<engineerTo>
<item key="D7394ABE-E697-87ED-9E26-BBB83BCAED4B" value="true"/>
</engineerTo>
<pk>true</pk>
<usedAttributes>
<attributeRef>83887166-8797-E2E6-52B4-76B7CB852DF7</attributeRef>
</usedAttributes>
</identifier>
</identifiers>
</Entity>
