<?xml version = '1.0' encoding = 'UTF-8'?>
<Entity class="oracle.dbtools.crest.model.design.logical.Entity" directorySegmentName="seg_0" id="FBD6C99E-D779-E65B-C4F4-8A2C6F850B8E" name="PASSENGER">
<createdBy>cileong</createdBy>
<createdTime>2022-04-26 03:43:49 UTC</createdTime>
<ownerDesignName>wc_logical</ownerDesignName>
<engineerTo>
<item key="D7394ABE-E697-87ED-9E26-BBB83BCAED4B" value="true"/>
</engineerTo>
<adequatelyNormalized>NO</adequatelyNormalized>
<expectedVolumes>0</expectedVolumes>
<fwdEngineeringStrategyName>Single Table</fwdEngineeringStrategyName>
<growthPercent>0</growthPercent>
<growthType>Year</growthType>
<maxVolumes>9999999</maxVolumes>
<minVolumes>0</minVolumes>
<normalForm>Third</normalForm>
<attributes itemClass="oracle.dbtools.crest.model.design.logical.Attribute">
<Attribute name="passenger_id" id="27102B4A-83BE-EBC4-6371-90050E010E75">
<createdBy>cileong</createdBy>
<createdTime>2022-04-26 03:44:03 UTC</createdTime>
<commentInRDBMS><![CDATA[Passenger ID]]></commentInRDBMS>
<ownerDesignName>wc_logical</ownerDesignName>
<engineerTo>
<item key="D7394ABE-E697-87ED-9E26-BBB83BCAED4B" value="true"/>
</engineerTo>
<useDomainConstraints>false</useDomainConstraints>
<use>1</use>
<logicalDatatype>LOGDT019</logicalDatatype>
<dataTypePrecision>5</dataTypePrecision>
<ownDataTypeParameters>,5,</ownDataTypeParameters>
</Attribute>
<Attribute name="passenger_fname" id="73B5FE2C-1B6A-A2E7-C50F-0C8BC53725B7">
<createdBy>cileong</createdBy>
<createdTime>2022-04-26 03:44:18 UTC</createdTime>
<commentInRDBMS><![CDATA[Passenger's first name]]></commentInRDBMS>
<ownerDesignName>wc_logical</ownerDesignName>
<engineerTo>
<item key="D7394ABE-E697-87ED-9E26-BBB83BCAED4B" value="true"/>
</engineerTo>
<nullsAllowed>true</nullsAllowed>
<useDomainConstraints>false</useDomainConstraints>
<use>1</use>
<logicalDatatype>LOGDT024</logicalDatatype>
<dataTypeSize>50 CHAR</dataTypeSize>
<ownDataTypeParameters>50 CHAR,,</ownDataTypeParameters>
</Attribute>
<Attribute name="passenger_lname" id="70F52C1E-C0E1-B1E9-ED9A-6C7DB3E3749C">
<createdBy>cileong</createdBy>
<createdTime>2022-04-26 03:45:30 UTC</createdTime>
<commentInRDBMS><![CDATA[Passenger's last name]]></commentInRDBMS>
<ownerDesignName>wc_logical</ownerDesignName>
<engineerTo>
<item key="D7394ABE-E697-87ED-9E26-BBB83BCAED4B" value="true"/>
</engineerTo>
<nullsAllowed>true</nullsAllowed>
<useDomainConstraints>false</useDomainConstraints>
<use>1</use>
<logicalDatatype>LOGDT024</logicalDatatype>
<dataTypeSize>50 CHAR</dataTypeSize>
<ownDataTypeParameters>50 CHAR,,</ownDataTypeParameters>
</Attribute>
<Attribute name="passenger_gender" id="1088969A-E93A-8499-444B-9C41BA441A4D">
<createdBy>cileong</createdBy>
<createdTime>2022-04-26 03:46:15 UTC</createdTime>
<commentInRDBMS><![CDATA[Passenger's gender]]></commentInRDBMS>
<ownerDesignName>wc_logical</ownerDesignName>
<engineerTo>
<item key="D7394ABE-E697-87ED-9E26-BBB83BCAED4B" value="true"/>
</engineerTo>
<constraintName>CONSTRAINT PASSENGER GENDER</constraintName>
<useDomainConstraints>false</useDomainConstraints>
<use>1</use>
<logicalDatatype>LOGDT025</logicalDatatype>
<dataTypeSize>1 CHAR</dataTypeSize>
<listOfValues>
<valueDef value="F" description="Female"/>
<valueDef value="M" description="Male"/>
<valueDef value="O" description="Other"/>
</listOfValues>
<ownDataTypeParameters>1 CHAR,,</ownDataTypeParameters>
</Attribute>
<Attribute name="passenger_dob" id="0C3E0FBB-8EB1-34A2-1120-C0C27FF65BD5">
<createdBy>cileong</createdBy>
<createdTime>2022-04-26 03:46:44 UTC</createdTime>
<commentInRDBMS><![CDATA[Passenger's date of birth]]></commentInRDBMS>
<ownerDesignName>wc_logical</ownerDesignName>
<engineerTo>
<item key="D7394ABE-E697-87ED-9E26-BBB83BCAED4B" value="true"/>
</engineerTo>
<useDomainConstraints>false</useDomainConstraints>
<use>1</use>
<logicalDatatype>LOGDT007</logicalDatatype>
<ownDataTypeParameters>,,</ownDataTypeParameters>
</Attribute>
<Attribute name="passenger_phone_no" id="84851746-804B-1E20-B0D9-9BCA1E98055A">
<createdBy>cileong</createdBy>
<createdTime>2022-04-26 03:47:46 UTC</createdTime>
<commentInRDBMS><![CDATA[Passenger's phone number]]></commentInRDBMS>
<ownerDesignName>wc_logical</ownerDesignName>
<engineerTo>
<item key="D7394ABE-E697-87ED-9E26-BBB83BCAED4B" value="true"/>
</engineerTo>
<nullsAllowed>true</nullsAllowed>
<useDomainConstraints>false</useDomainConstraints>
<use>1</use>
<logicalDatatype>LOGDT024</logicalDatatype>
<dataTypeSize>15 CHAR</dataTypeSize>
<ownDataTypeParameters>15 CHAR,,</ownDataTypeParameters>
</Attribute>
<Attribute name="guardian_id" id="DFDAD99F-47B8-4AA7-CD4A-7500C736304F">
<createdBy>cileong</createdBy>
<createdTime>2022-04-26 03:49:13 UTC</createdTime>
<commentInRDBMS><![CDATA[Passenger ID]]></commentInRDBMS>
<generatorID>C0F857B1-BEB6-1AA1-2F83-1C6112643F93</generatorID>
<ownerDesignName>wc_logical</ownerDesignName>
<engineerTo>
<item key="D7394ABE-E697-87ED-9E26-BBB83BCAED4B" value="true"/>
</engineerTo>
<nullsAllowed>true</nullsAllowed>
<referedAttribute>27102B4A-83BE-EBC4-6371-90050E010E75</referedAttribute>
<useDomainConstraints>false</useDomainConstraints>
<use>1</use>
<logicalDatatype>LOGDT019</logicalDatatype>
<dataTypePrecision>5</dataTypePrecision>
<ownDataTypeParameters>,5,</ownDataTypeParameters>
</Attribute>
<Attribute name="pa_id" id="1C8EA547-D034-E291-9286-7D7B9CD1455B">
<createdBy>cileong</createdBy>
<createdTime>2022-04-26 04:04:10 UTC</createdTime>
<commentInRDBMS><![CDATA[Address ID]]></commentInRDBMS>
<generatorID>4B0385BC-ACE0-F96A-B12C-D06B0471DEE8</generatorID>
<ownerDesignName>wc_logical</ownerDesignName>
<engineerTo>
<item key="D7394ABE-E697-87ED-9E26-BBB83BCAED4B" value="true"/>
</engineerTo>
<referedAttribute>6609401F-72E5-FA18-51B2-DD3744BA7301</referedAttribute>
<useDomainConstraints>false</useDomainConstraints>
<use>1</use>
<logicalDatatype>LOGDT019</logicalDatatype>
<dataTypePrecision>5</dataTypePrecision>
<ownDataTypeParameters>,5,</ownDataTypeParameters>
</Attribute>
<Attribute name="passenger_lang" id="87EAA86C-E333-0D19-8E44-D46E4D9DC085">
<createdBy>cileong</createdBy>
<createdTime>2022-04-26 15:17:10 UTC</createdTime>
<commentInRDBMS><![CDATA[Language code stored in ISO 639-1 Alpha-2 format]]></commentInRDBMS>
<generatorID>091B4154-43E4-7A0B-247A-6B1D8A2FF149</generatorID>
<ownerDesignName>wc_logical</ownerDesignName>
<engineerTo>
<item key="D7394ABE-E697-87ED-9E26-BBB83BCAED4B" value="true"/>
</engineerTo>
<referedAttribute>0F60C0D3-9C7B-EE3E-B741-27BCDB1729B2</referedAttribute>
<useDomainConstraints>false</useDomainConstraints>
<use>1</use>
<logicalDatatype>LOGDT025</logicalDatatype>
<dataTypeSize>2 CHAR</dataTypeSize>
<ownDataTypeParameters>2 CHAR,,</ownDataTypeParameters>
</Attribute>
</attributes>
<identifiers itemClass="oracle.dbtools.crest.model.design.logical.CandidateKey">
<identifier id="AC55CF2F-C1E5-1D63-4A44-E2220705B51A" name="PASSENGER PK">
<createdBy>cileong</createdBy>
<createdTime>2022-04-26 03:44:10 UTC</createdTime>
<ownerDesignName>wc_logical</ownerDesignName>
<engineerTo>
<item key="D7394ABE-E697-87ED-9E26-BBB83BCAED4B" value="true"/>
</engineerTo>
<pk>true</pk>
<usedAttributes>
<attributeRef>27102B4A-83BE-EBC4-6371-90050E010E75</attributeRef>
</usedAttributes>
</identifier>
</identifiers>
</Entity>
