<?xml version = '1.0' encoding = 'UTF-8'?>
<Relation class="oracle.dbtools.crest.model.design.logical.Relation" name="language_passenger" directorySegmentName="seg_0" id="091B4154-43E4-7A0B-247A-6B1D8A2FF149">
<createdBy>cileong</createdBy>
<createdTime>2022-04-26 15:17:10 UTC</createdTime>
<ownerDesignName>wc_logical</ownerDesignName>
<engineerTo>
<item key="D7394ABE-E697-87ED-9E26-BBB83BCAED4B" value="true"/>
</engineerTo>
<sourcePk>89AA5E49-3FA8-FFB2-62F4-54DF77BF03FE</sourcePk>
<identifying>false</identifying>
<nameOnSource>is spoken by</nameOnSource>
<optionalSource>true</optionalSource>
<optionalTarget>false</optionalTarget>
<sourceCardinality>1</sourceCardinality>
<sourceEntity>ABDE8D55-CE04-6F0F-7995-AD17682E2C68</sourceEntity>
<targetCardinalityString>*</targetCardinalityString>
<targetEntity>FBD6C99E-D779-E65B-C4F4-8A2C6F850B8E</targetEntity>
<transferable>true</transferable>
<deleteRule>NO ACTION</deleteRule>
</Relation>
