<?xml version = '1.0' encoding = 'UTF-8'?>
<Relation class="oracle.dbtools.crest.model.design.logical.Relation" name="passenger_manifest" directorySegmentName="seg_0" id="0F8E621D-C1DB-C083-B6CE-B14001A6E7BB">
<createdBy>cileong</createdBy>
<createdTime>2022-04-26 06:23:27 UTC</createdTime>
<ownerDesignName>wc_logical</ownerDesignName>
<engineerTo>
<item key="D7394ABE-E697-87ED-9E26-BBB83BCAED4B" value="true"/>
</engineerTo>
<sourcePk>AC55CF2F-C1E5-1D63-4A44-E2220705B51A</sourcePk>
<identifying>true</identifying>
<nameOnSource>allocates</nameOnSource>
<nameOnTarget> </nameOnTarget>
<optionalSource>false</optionalSource>
<optionalTarget>false</optionalTarget>
<sourceCardinality>1</sourceCardinality>
<sourceEntity>FBD6C99E-D779-E65B-C4F4-8A2C6F850B8E</sourceEntity>
<targetCardinalityString>*</targetCardinalityString>
<targetEntity>529059E4-651E-95D8-324D-4313CF9ADBDC</targetEntity>
<transferable>true</transferable>
<deleteRule>NO ACTION</deleteRule>
</Relation>
