<?xml version = '1.0' encoding = 'UTF-8'?>
<Relation class="oracle.dbtools.crest.model.design.logical.Relation" name="country_ship" directorySegmentName="seg_0" id="2961C0EB-8577-B13C-A17D-3E4681ED7454">
<createdBy>cileong</createdBy>
<createdTime>2022-04-26 03:14:38 UTC</createdTime>
<ownerDesignName>wc_logical</ownerDesignName>
<engineerTo>
<item key="D7394ABE-E697-87ED-9E26-BBB83BCAED4B" value="true"/>
</engineerTo>
<sourcePk>99F65F1E-C18A-B612-761B-FC6FE5CA911C</sourcePk>
<identifying>false</identifying>
<nameOnSource>registers</nameOnSource>
<nameOnTarget> </nameOnTarget>
<optionalSource>true</optionalSource>
<optionalTarget>false</optionalTarget>
<sourceCardinality>1</sourceCardinality>
<sourceEntity>2F62528C-F332-9CE3-9ECB-A694DC6A3D7C</sourceEntity>
<targetCardinalityString>*</targetCardinalityString>
<targetEntity>DF17E3AF-8D27-17AC-44FE-D8BFA2C3FC6F</targetEntity>
<transferable>true</transferable>
<deleteRule>NO ACTION</deleteRule>
</Relation>
