<?xml version = '1.0' encoding = 'UTF-8'?>
<Relation class="oracle.dbtools.crest.model.design.logical.Relation" name="passenger_tre" directorySegmentName="seg_0" id="2E35B628-9ED5-11BC-1AE0-E5ED670A8362">
<createdBy>cileong</createdBy>
<createdTime>2022-04-26 16:27:39 UTC</createdTime>
<ownerDesignName>wc_logical</ownerDesignName>
<engineerTo>
<item key="D7394ABE-E697-87ED-9E26-BBB83BCAED4B" value="true"/>
</engineerTo>
<sourcePk>AC55CF2F-C1E5-1D63-4A44-E2220705B51A</sourcePk>
<identifying>true</identifying>
<nameOnSource>participates</nameOnSource>
<nameOnTarget> </nameOnTarget>
<optionalSource>true</optionalSource>
<optionalTarget>false</optionalTarget>
<sourceCardinality>1</sourceCardinality>
<sourceEntity>FBD6C99E-D779-E65B-C4F4-8A2C6F850B8E</sourceEntity>
<targetCardinalityString>*</targetCardinalityString>
<targetEntity>62C48E95-E701-6EFF-0E8C-ED6CE289ED37</targetEntity>
<transferable>true</transferable>
<deleteRule>NO ACTION</deleteRule>
</Relation>
