<?xml version = '1.0' encoding = 'UTF-8'?>
<Relation class="oracle.dbtools.crest.model.design.logical.Relation" name="operator_ship" directorySegmentName="seg_0" id="33BD3BFF-F9D4-DAEF-7732-E1347A455E42">
<createdBy>cileong</createdBy>
<createdTime>2022-04-25 16:59:59 UTC</createdTime>
<ownerDesignName>wc_logical</ownerDesignName>
<engineerTo>
<item key="D7394ABE-E697-87ED-9E26-BBB83BCAED4B" value="true"/>
</engineerTo>
<sourcePk>A2B4750E-AD0F-E11F-F1EA-1277132C42F0</sourcePk>
<identifying>false</identifying>
<nameOnSource>operates</nameOnSource>
<nameOnTarget> </nameOnTarget>
<optionalSource>false</optionalSource>
<optionalTarget>false</optionalTarget>
<sourceCardinality>1</sourceCardinality>
<sourceEntity>F55B625E-1369-E818-E0A8-6C11593CED39</sourceEntity>
<targetCardinalityString>*</targetCardinalityString>
<targetEntity>DF17E3AF-8D27-17AC-44FE-D8BFA2C3FC6F</targetEntity>
<transferable>true</transferable>
<deleteRule>NO ACTION</deleteRule>
</Relation>
