<?xml version = '1.0' encoding = 'UTF-8'?>
<Relation class="oracle.dbtools.crest.model.design.logical.Relation" name="cruise_cp" directorySegmentName="seg_0" id="4102E874-6E6B-22FE-5076-931A35DF25C9">
<createdBy>cileong</createdBy>
<createdTime>2022-04-26 07:31:51 UTC</createdTime>
<ownerDesignName>wc_logical</ownerDesignName>
<engineerTo>
<item key="D7394ABE-E697-87ED-9E26-BBB83BCAED4B" value="true"/>
</engineerTo>
<sourcePk>2DDBB8FA-02F4-71A9-3EF5-089E654DB2A2</sourcePk>
<identifying>true</identifying>
<nameOnSource>stops at</nameOnSource>
<nameOnTarget> </nameOnTarget>
<optionalSource>false</optionalSource>
<optionalTarget>false</optionalTarget>
<sourceCardinality>1</sourceCardinality>
<sourceEntity>7BC19E96-2657-884D-1D4A-75AB429AB5B7</sourceEntity>
<targetCardinalityString>*</targetCardinalityString>
<targetEntity>31615807-721D-277F-D09F-58F8A3B6B1E1</targetEntity>
<transferable>true</transferable>
<deleteRule>NO ACTION</deleteRule>
</Relation>
