<?xml version = '1.0' encoding = 'UTF-8'?>
<Relation class="oracle.dbtools.crest.model.design.logical.Relation" name="address_passenger" directorySegmentName="seg_0" id="4B0385BC-ACE0-F96A-B12C-D06B0471DEE8">
<createdBy>cileong</createdBy>
<createdTime>2022-04-26 04:04:09 UTC</createdTime>
<ownerDesignName>wc_logical</ownerDesignName>
<engineerTo>
<item key="D7394ABE-E697-87ED-9E26-BBB83BCAED4B" value="true"/>
</engineerTo>
<sourcePk>E54591FE-AA91-7057-96D6-28D205957A4C</sourcePk>
<identifying>false</identifying>
<nameOnSource>is home to</nameOnSource>
<nameOnTarget> </nameOnTarget>
<optionalSource>false</optionalSource>
<optionalTarget>false</optionalTarget>
<sourceCardinality>1</sourceCardinality>
<sourceEntity>CCDC2CC1-0993-CC91-AEDF-05FE25733762</sourceEntity>
<targetCardinalityString>*</targetCardinalityString>
<targetEntity>FBD6C99E-D779-E65B-C4F4-8A2C6F850B8E</targetEntity>
<transferable>true</transferable>
<deleteRule>NO ACTION</deleteRule>
</Relation>
