<?xml version = '1.0' encoding = 'UTF-8'?>
<Relation class="oracle.dbtools.crest.model.design.logical.Relation" name="ship_cabin" directorySegmentName="seg_0" id="4F07F293-A0CF-E462-DD42-5775953A68F3">
<createdBy>cileong</createdBy>
<createdTime>2022-04-26 06:14:12 UTC</createdTime>
<ownerDesignName>wc_logical</ownerDesignName>
<engineerTo>
<item key="D7394ABE-E697-87ED-9E26-BBB83BCAED4B" value="true"/>
</engineerTo>
<sourcePk>630254F5-68E4-8427-F99C-96C6F09D9189</sourcePk>
<identifying>true</identifying>
<nameOnSource>has</nameOnSource>
<optionalSource>false</optionalSource>
<optionalTarget>false</optionalTarget>
<sourceCardinality>1</sourceCardinality>
<sourceEntity>DF17E3AF-8D27-17AC-44FE-D8BFA2C3FC6F</sourceEntity>
<targetCardinalityString>*</targetCardinalityString>
<targetEntity>DBB85DAE-958C-66AD-78B2-C21325EC13D4</targetEntity>
<transferable>true</transferable>
<deleteRule>NO ACTION</deleteRule>
</Relation>
