<?xml version = '1.0' encoding = 'UTF-8'?>
<Relation class="oracle.dbtools.crest.model.design.logical.Relation" name="tour_tl" directorySegmentName="seg_0" id="53BC64BD-FA3F-A4D0-EB35-43733D237309">
<createdBy>cileong</createdBy>
<createdTime>2022-04-26 16:19:27 UTC</createdTime>
<ownerDesignName>wc_logical</ownerDesignName>
<engineerTo>
<item key="D7394ABE-E697-87ED-9E26-BBB83BCAED4B" value="true"/>
</engineerTo>
<sourcePk>40BB3EA2-1E7A-C9A0-3D98-AFBBC7A482A9</sourcePk>
<identifying>true</identifying>
<nameOnSource>delivered in</nameOnSource>
<nameOnTarget> </nameOnTarget>
<optionalSource>true</optionalSource>
<optionalTarget>false</optionalTarget>
<sourceCardinality>1</sourceCardinality>
<sourceEntity>372C6211-857B-89A2-088A-08F80B889FF1</sourceEntity>
<targetCardinalityString>*</targetCardinalityString>
<targetEntity>2B38A0B3-86AC-863F-3B8B-B67936CDC872</targetEntity>
<transferable>true</transferable>
<deleteRule>NO ACTION</deleteRule>
</Relation>
