<?xml version = '1.0' encoding = 'UTF-8'?>
<Relation class="oracle.dbtools.crest.model.design.logical.Relation" name="address_country" directorySegmentName="seg_0" id="5E7AD633-422E-B601-C0AE-C2EB0432D58C">
<createdBy>cileong</createdBy>
<createdTime>2022-04-26 14:55:24 UTC</createdTime>
<ownerDesignName>wc_logical</ownerDesignName>
<engineerTo>
<item key="D7394ABE-E697-87ED-9E26-BBB83BCAED4B" value="true"/>
</engineerTo>
<sourcePk>99F65F1E-C18A-B612-761B-FC6FE5CA911C</sourcePk>
<identifying>false</identifying>
<nameOnSource>has</nameOnSource>
<nameOnTarget> </nameOnTarget>
<optionalSource>true</optionalSource>
<optionalTarget>false</optionalTarget>
<sourceCardinality>1</sourceCardinality>
<sourceEntity>2F62528C-F332-9CE3-9ECB-A694DC6A3D7C</sourceEntity>
<targetCardinalityString>*</targetCardinalityString>
<targetEntity>CCDC2CC1-0993-CC91-AEDF-05FE25733762</targetEntity>
<transferable>true</transferable>
<deleteRule>NO ACTION</deleteRule>
</Relation>
