<?xml version = '1.0' encoding = 'UTF-8'?>
<Relation class="oracle.dbtools.crest.model.design.logical.Relation" name="cabin_manifest" directorySegmentName="seg_0" id="61A95D75-D0D6-1AD8-57F0-4D29E9DF5819">
<createdBy>cileong</createdBy>
<createdTime>2022-04-26 06:19:15 UTC</createdTime>
<ownerDesignName>wc_logical</ownerDesignName>
<engineerTo>
<item key="D7394ABE-E697-87ED-9E26-BBB83BCAED4B" value="true"/>
</engineerTo>
<sourcePk>645072D0-7653-8649-54D4-DDBF591F7F49</sourcePk>
<identifying>false</identifying>
<nameOnSource>manages</nameOnSource>
<nameOnTarget> </nameOnTarget>
<optionalSource>true</optionalSource>
<optionalTarget>false</optionalTarget>
<sourceCardinality>1</sourceCardinality>
<sourceEntity>DBB85DAE-958C-66AD-78B2-C21325EC13D4</sourceEntity>
<targetCardinalityString>*</targetCardinalityString>
<targetEntity>529059E4-651E-95D8-324D-4313CF9ADBDC</targetEntity>
<transferable>true</transferable>
<deleteRule>NO ACTION</deleteRule>
</Relation>
