<?xml version = '1.0' encoding = 'UTF-8'?>
<Relation class="oracle.dbtools.crest.model.design.logical.Relation" name="port_tour" directorySegmentName="seg_0" id="7DE46316-50E8-1D4E-1670-51662623F421">
<createdBy>cileong</createdBy>
<createdTime>2022-04-26 08:05:44 UTC</createdTime>
<ownerDesignName>wc_logical</ownerDesignName>
<engineerTo>
<item key="D7394ABE-E697-87ED-9E26-BBB83BCAED4B" value="true"/>
</engineerTo>
<sourcePk>25F2FE31-690B-7487-E7EF-94C67A47DBEE</sourcePk>
<identifying>false</identifying>
<nameOnSource>hosts</nameOnSource>
<nameOnTarget> </nameOnTarget>
<optionalSource>true</optionalSource>
<optionalTarget>false</optionalTarget>
<sourceCardinality>1</sourceCardinality>
<sourceEntity>34F101B3-0226-7E8C-6DAE-999F4EA02BCC</sourceEntity>
<targetCardinalityString>*</targetCardinalityString>
<targetEntity>372C6211-857B-89A2-088A-08F80B889FF1</targetEntity>
<transferable>true</transferable>
<deleteRule>NO ACTION</deleteRule>
</Relation>
