<?xml version = '1.0' encoding = 'UTF-8'?>
<Relation class="oracle.dbtools.crest.model.design.logical.Relation" name="port_cp" directorySegmentName="seg_0" id="945CF9FD-979D-F76D-E561-4AA20922A03B">
<createdBy>cileong</createdBy>
<createdTime>2022-04-26 07:35:02 UTC</createdTime>
<ownerDesignName>wc_logical</ownerDesignName>
<engineerTo>
<item key="D7394ABE-E697-87ED-9E26-BBB83BCAED4B" value="true"/>
</engineerTo>
<sourcePk>25F2FE31-690B-7487-E7EF-94C67A47DBEE</sourcePk>
<identifying>true</identifying>
<nameOnSource>used by</nameOnSource>
<nameOnTarget> </nameOnTarget>
<optionalSource>true</optionalSource>
<optionalTarget>false</optionalTarget>
<sourceCardinality>1</sourceCardinality>
<sourceEntity>34F101B3-0226-7E8C-6DAE-999F4EA02BCC</sourceEntity>
<targetCardinalityString>*</targetCardinalityString>
<targetEntity>31615807-721D-277F-D09F-58F8A3B6B1E1</targetEntity>
<transferable>true</transferable>
<deleteRule>NO ACTION</deleteRule>
</Relation>
