<?xml version = '1.0' encoding = 'UTF-8'?>
<Relation class="oracle.dbtools.crest.model.design.logical.Relation" name="ship_cruise" directorySegmentName="seg_0" id="A5FF57A5-073B-FF27-E183-19A2A4B655C6">
<createdBy>cileong</createdBy>
<createdTime>2022-04-26 03:57:07 UTC</createdTime>
<ownerDesignName>wc_logical</ownerDesignName>
<engineerTo>
<item key="D7394ABE-E697-87ED-9E26-BBB83BCAED4B" value="true"/>
</engineerTo>
<sourcePk>630254F5-68E4-8427-F99C-96C6F09D9189</sourcePk>
<identifying>false</identifying>
<nameOnSource>is used by</nameOnSource>
<nameOnTarget> </nameOnTarget>
<optionalSource>true</optionalSource>
<optionalTarget>false</optionalTarget>
<sourceCardinality>1</sourceCardinality>
<sourceEntity>DF17E3AF-8D27-17AC-44FE-D8BFA2C3FC6F</sourceEntity>
<targetCardinalityString>*</targetCardinalityString>
<targetEntity>7BC19E96-2657-884D-1D4A-75AB429AB5B7</targetEntity>
<transferable>true</transferable>
<deleteRule>NO ACTION</deleteRule>
</Relation>
