<?xml version = '1.0' encoding = 'UTF-8'?>
<Relation class="oracle.dbtools.crest.model.design.logical.Relation" name="tour_tr" directorySegmentName="seg_0" id="ACDE69EE-46E1-2013-99C6-3BB550A1B4DC">
<createdBy>cileong</createdBy>
<createdTime>2022-04-26 08:14:22 UTC</createdTime>
<ownerDesignName>wc_logical</ownerDesignName>
<engineerTo>
<item key="D7394ABE-E697-87ED-9E26-BBB83BCAED4B" value="true"/>
</engineerTo>
<sourcePk>40BB3EA2-1E7A-C9A0-3D98-AFBBC7A482A9</sourcePk>
<identifying>true</identifying>
<nameOnSource>has</nameOnSource>
<nameOnTarget> </nameOnTarget>
<optionalSource>true</optionalSource>
<optionalTarget>false</optionalTarget>
<sourceCardinality>1</sourceCardinality>
<sourceEntity>372C6211-857B-89A2-088A-08F80B889FF1</sourceEntity>
<targetCardinalityString>*</targetCardinalityString>
<targetEntity>0E8F38A0-4A4B-B6BD-0410-D4E79561CF4C</targetEntity>
<transferable>true</transferable>
<deleteRule>NO ACTION</deleteRule>
</Relation>
