<?xml version = '1.0' encoding = 'UTF-8'?>
<Relation class="oracle.dbtools.crest.model.design.logical.Relation" name="language_tl" directorySegmentName="seg_0" id="B114D0B1-FB11-54E2-C448-BACE05366A14">
<createdBy>cileong</createdBy>
<createdTime>2022-04-26 16:14:19 UTC</createdTime>
<ownerDesignName>wc_logical</ownerDesignName>
<engineerTo>
<item key="D7394ABE-E697-87ED-9E26-BBB83BCAED4B" value="true"/>
</engineerTo>
<sourcePk>89AA5E49-3FA8-FFB2-62F4-54DF77BF03FE</sourcePk>
<identifying>true</identifying>
<nameOnSource>used by</nameOnSource>
<nameOnTarget> </nameOnTarget>
<optionalSource>true</optionalSource>
<optionalTarget>false</optionalTarget>
<sourceCardinality>1</sourceCardinality>
<sourceEntity>ABDE8D55-CE04-6F0F-7995-AD17682E2C68</sourceEntity>
<targetCardinalityString>*</targetCardinalityString>
<targetEntity>2B38A0B3-86AC-863F-3B8B-B67936CDC872</targetEntity>
<transferable>true</transferable>
<deleteRule>NO ACTION</deleteRule>
</Relation>
