<?xml version = '1.0' encoding = 'UTF-8'?>
<Relation class="oracle.dbtools.crest.model.design.logical.Relation" name="port_pt" directorySegmentName="seg_0" id="BBD819E8-EC3B-BF0D-AC46-04C06E3CA990">
<createdBy>cileong</createdBy>
<createdTime>2022-04-26 15:46:52 UTC</createdTime>
<ownerDesignName>wc_logical</ownerDesignName>
<engineerTo>
<item key="D7394ABE-E697-87ED-9E26-BBB83BCAED4B" value="true"/>
</engineerTo>
<sourcePk>25F2FE31-690B-7487-E7EF-94C67A47DBEE</sourcePk>
<identifying>true</identifying>
<nameOnSource>records </nameOnSource>
<nameOnTarget> </nameOnTarget>
<optionalSource>false</optionalSource>
<optionalTarget>false</optionalTarget>
<sourceCardinality>1</sourceCardinality>
<sourceEntity>34F101B3-0226-7E8C-6DAE-999F4EA02BCC</sourceEntity>
<targetCardinalityString>*</targetCardinalityString>
<targetEntity>CB6DB628-F7B8-2AFE-C7EE-6D6EF340F0BD</targetEntity>
<transferable>true</transferable>
<deleteRule>NO ACTION</deleteRule>
</Relation>
