<?xml version = '1.0' encoding = 'UTF-8'?>
<Relation class="oracle.dbtools.crest.model.design.logical.Relation" name="guardian_passenger" directorySegmentName="seg_0" id="C0F857B1-BEB6-1AA1-2F83-1C6112643F93">
<createdBy>cileong</createdBy>
<createdTime>2022-04-26 03:49:13 UTC</createdTime>
<ownerDesignName>wc_logical</ownerDesignName>
<engineerTo>
<item key="D7394ABE-E697-87ED-9E26-BBB83BCAED4B" value="true"/>
</engineerTo>
<sourcePk>AC55CF2F-C1E5-1D63-4A44-E2220705B51A</sourcePk>
<targetPk>AC55CF2F-C1E5-1D63-4A44-E2220705B51A</targetPk>
<identifying>false</identifying>
<nameOnSource>guards</nameOnSource>
<nameOnTarget> </nameOnTarget>
<optionalSource>true</optionalSource>
<optionalTarget>true</optionalTarget>
<sourceCardinality>1</sourceCardinality>
<sourceEntity>FBD6C99E-D779-E65B-C4F4-8A2C6F850B8E</sourceEntity>
<targetCardinalityString>*</targetCardinalityString>
<targetEntity>FBD6C99E-D779-E65B-C4F4-8A2C6F850B8E</targetEntity>
<transferable>true</transferable>
<deleteRule>NO ACTION</deleteRule>
</Relation>
