<?xml version = '1.0' encoding = 'UTF-8'?>
<Relation class="oracle.dbtools.crest.model.design.logical.Relation" name="country_port" directorySegmentName="seg_0" id="F2B5B98C-89AE-4D8F-99AA-BB1910F12B55">
<createdBy>cileong</createdBy>
<createdTime>2022-04-26 07:53:20 UTC</createdTime>
<ownerDesignName>wc_logical</ownerDesignName>
<engineerTo>
<item key="D7394ABE-E697-87ED-9E26-BBB83BCAED4B" value="true"/>
</engineerTo>
<sourcePk>99F65F1E-C18A-B612-761B-FC6FE5CA911C</sourcePk>
<identifying>false</identifying>
<nameOnSource>is house to</nameOnSource>
<nameOnTarget> </nameOnTarget>
<optionalSource>true</optionalSource>
<optionalTarget>false</optionalTarget>
<sourceCardinality>1</sourceCardinality>
<sourceEntity>2F62528C-F332-9CE3-9ECB-A694DC6A3D7C</sourceEntity>
<targetCardinalityString>*</targetCardinalityString>
<targetEntity>34F101B3-0226-7E8C-6DAE-999F4EA02BCC</targetEntity>
<transferable>true</transferable>
<deleteRule>NO ACTION</deleteRule>
</Relation>
