<?xml version = '1.0' encoding = 'UTF-8'?>
<Relation class="oracle.dbtools.crest.model.design.logical.Relation" name="cruise_manifest" directorySegmentName="seg_0" id="F33C7BA1-B310-D369-0D69-13B8FF16F23D">
<createdBy>cileong</createdBy>
<createdTime>2022-04-26 06:31:39 UTC</createdTime>
<ownerDesignName>wc_logical</ownerDesignName>
<engineerTo>
<item key="D7394ABE-E697-87ED-9E26-BBB83BCAED4B" value="true"/>
</engineerTo>
<sourcePk>2DDBB8FA-02F4-71A9-3EF5-089E654DB2A2</sourcePk>
<identifying>true</identifying>
<nameOnSource>manages</nameOnSource>
<nameOnTarget> </nameOnTarget>
<optionalSource>true</optionalSource>
<optionalTarget>false</optionalTarget>
<sourceCardinality>1</sourceCardinality>
<sourceEntity>7BC19E96-2657-884D-1D4A-75AB429AB5B7</sourceEntity>
<targetCardinalityString>*</targetCardinalityString>
<targetEntity>529059E4-651E-95D8-324D-4313CF9ADBDC</targetEntity>
<transferable>true</transferable>
<deleteRule>NO ACTION</deleteRule>
</Relation>
