<?xml version = '1.0' encoding = 'UTF-8'?>
<Relation class="oracle.dbtools.crest.model.design.logical.Relation" name="cruise_tre" directorySegmentName="seg_0" id="F87B2CAF-2E93-6D9C-37CB-B93B0C776848">
<createdBy>cileong</createdBy>
<createdTime>2022-04-26 15:57:29 UTC</createdTime>
<ownerDesignName>wc_logical</ownerDesignName>
<engineerTo>
<item key="D7394ABE-E697-87ED-9E26-BBB83BCAED4B" value="true"/>
</engineerTo>
<sourcePk>2DDBB8FA-02F4-71A9-3EF5-089E654DB2A2</sourcePk>
<identifying>false</identifying>
<nameOnSource>is involved in</nameOnSource>
<nameOnTarget> </nameOnTarget>
<optionalSource>true</optionalSource>
<optionalTarget>false</optionalTarget>
<sourceCardinality>1</sourceCardinality>
<sourceEntity>7BC19E96-2657-884D-1D4A-75AB429AB5B7</sourceEntity>
<targetCardinalityString>*</targetCardinalityString>
<targetEntity>62C48E95-E701-6EFF-0E8C-ED6CE289ED37</targetEntity>
<transferable>true</transferable>
<deleteRule>NO ACTION</deleteRule>
</Relation>
