<?xml version = '1.0' encoding = 'UTF-8'?>
<Relation class="oracle.dbtools.crest.model.design.logical.Relation" name="tr_tre" directorySegmentName="seg_0" id="FB31322E-2044-3BB1-FA59-474526A88CA8">
<createdBy>cileong</createdBy>
<createdTime>2022-04-26 08:16:12 UTC</createdTime>
<ownerDesignName>wc_logical</ownerDesignName>
<engineerTo>
<item key="D7394ABE-E697-87ED-9E26-BBB83BCAED4B" value="true"/>
</engineerTo>
<sourcePk>85A26038-6C3F-0777-86FB-C84FE5D9AE8F</sourcePk>
<identifying>true</identifying>
<nameOnSource>records</nameOnSource>
<nameOnTarget> </nameOnTarget>
<optionalSource>false</optionalSource>
<optionalTarget>false</optionalTarget>
<sourceCardinality>1</sourceCardinality>
<sourceEntity>0E8F38A0-4A4B-B6BD-0410-D4E79561CF4C</sourceEntity>
<targetCardinalityString>*</targetCardinalityString>
<targetEntity>62C48E95-E701-6EFF-0E8C-ED6CE289ED37</targetEntity>
<transferable>true</transferable>
<deleteRule>NO ACTION</deleteRule>
</Relation>
