<?xml version = '1.0' encoding = 'UTF-8'?>
<Diagram class="oracle.dbtools.crest.swingui.relational.DPVRelational" name="Relational_1" id="CDDF2AEF-3DCC-523E-1336-D0E6B9F0D229">
<createdBy>Windows 10</createdBy>
<modifiedBy>Windows 10</modifiedBy>
<createdTime>2022-04-25 14:34:21 UTC</createdTime>
<autoRoute>false</autoRoute>
<boxInbox>true</boxInbox>
<showLegend>false</showLegend>
<showLabels>false</showLabels>
<showRelAttributes>false</showRelAttributes>
<gridEnabled>false</gridEnabled>
<showGrid>false</showGrid>
<diagramColor>-1</diagramColor>
<display>false</display>
<notation>1</notation>
<objectViews>
<OView class="oracle.dbtools.crest.swingui.relational.TVTable" oid="07D7A718-97AE-45DA-0234-455FE422131A" otype="Table" vid="F27D6576-987A-CBF3-FD73-A279157A6696">
<hideElementsInCurrentOnly>false</hideElementsInCurrentOnly>
<bounds x="401" y="591" width="236" height="160"/>
</OView>
<OView class="oracle.dbtools.crest.swingui.relational.TVTable" oid="0EA50239-6249-1CA5-D8EC-627E704F1D63" otype="Table" vid="93CFE8E7-A816-1EF7-2371-205994186BBE">
<hideElementsInCurrentOnly>false</hideElementsInCurrentOnly>
<bounds x="1004" y="772" width="256" height="111"/>
</OView>
<OView class="oracle.dbtools.crest.swingui.relational.TVTable" oid="125ED426-E189-16DB-6DFC-37371DB2902D" otype="Table" vid="0B80152D-3063-4650-7790-0D726BBB2B05">
<hideElementsInCurrentOnly>false</hideElementsInCurrentOnly>
<bounds x="93" y="1176" width="268" height="151"/>
</OView>
<OView class="oracle.dbtools.crest.swingui.relational.TVTable" oid="55EBD92F-0BBB-44F0-AE94-8F30095B9F19" otype="Table" vid="AA9D9202-939A-8CD2-6C6F-4BABCC9C2FC1">
<hideElementsInCurrentOnly>false</hideElementsInCurrentOnly>
<bounds x="1480" y="1120" width="220" height="101"/>
</OView>
<OView class="oracle.dbtools.crest.swingui.relational.TVTable" oid="66C1317E-9189-6DC6-4ABC-CEE442F46A42" otype="Table" vid="7396CB74-4BFD-E836-BD19-7E46D41FED86">
<hideElementsInCurrentOnly>false</hideElementsInCurrentOnly>
<bounds x="426" y="1012" width="196" height="126"/>
</OView>
<OView class="oracle.dbtools.crest.swingui.relational.TVTable" oid="8BEAF739-416F-D740-1088-E4A4A14F7171" otype="Table" vid="489F141C-6F24-D7E5-C926-00A2DF2A76EC">
<hideElementsInCurrentOnly>false</hideElementsInCurrentOnly>
<bounds x="1259" y="297" width="266" height="94"/>
</OView>
<OView class="oracle.dbtools.crest.swingui.relational.TVTable" oid="8D5D34BA-4563-4D0A-409D-7FFAE30BAC01" otype="Table" vid="E3785C5C-659A-EBE0-DF96-823AD8B7639C">
<hideElementsInCurrentOnly>false</hideElementsInCurrentOnly>
<bounds x="812" y="988" width="278" height="171"/>
</OView>
<OView class="oracle.dbtools.crest.swingui.relational.TVTable" oid="C03CE516-CDEB-88B3-03DF-AB3D8130513B" otype="Table" vid="9EB7CFE6-FDD4-0A06-FA12-F5E3A5DA6582">
<hideElementsInCurrentOnly>false</hideElementsInCurrentOnly>
<bounds x="1617" y="610" width="237" height="147"/>
</OView>
<OView class="oracle.dbtools.crest.swingui.relational.TVTable" oid="C3F83B68-7799-2683-B1EE-B7A9692A0705" otype="Table" vid="8DF0617A-C351-DA00-EABF-327FF07A1A5F">
<hideElementsInCurrentOnly>false</hideElementsInCurrentOnly>
<bounds x="1561" y="58" width="252" height="112"/>
</OView>
<OView class="oracle.dbtools.crest.swingui.relational.TVTable" oid="C8A4BEA5-9B26-3F40-40C1-B53B9973D595" otype="Table" vid="2137533F-7E46-5232-E258-772F2F1673E3">
<hideElementsInCurrentOnly>false</hideElementsInCurrentOnly>
<bounds x="846" y="238" width="315" height="155"/>
</OView>
<OView class="oracle.dbtools.crest.swingui.relational.TVTable" oid="DE54EE6C-5BF3-649E-6E64-A05DEA9FBB92" otype="Table" vid="B8C11446-7DAB-5150-177F-8354A30C3BD3">
<hideElementsInCurrentOnly>false</hideElementsInCurrentOnly>
<bounds x="1152" y="573" width="281" height="112"/>
</OView>
<OView class="oracle.dbtools.crest.swingui.relational.TVTable" oid="E19D4184-D3BA-10EA-114D-6D8EE9F460AC" otype="Table" vid="1BB6AC2A-BD38-4AED-8303-C2B21350D02F">
<hideElementsInCurrentOnly>false</hideElementsInCurrentOnly>
<bounds x="332" y="229" width="275" height="210"/>
</OView>
<OView class="oracle.dbtools.crest.swingui.relational.TVTable" oid="F79C82F0-D97A-B35D-D5B4-65CE95E848B8" otype="Table" vid="1E3C1DA6-F528-AF20-A108-07B9199A6126">
<hideElementsInCurrentOnly>false</hideElementsInCurrentOnly>
<bounds x="779" y="582" width="232" height="119"/>
</OView>
<OView class="oracle.dbtools.crest.swingui.relational.TVTable" oid="FBAB93A0-93D8-C816-0A4E-B448325AC077" otype="Table" vid="7052C38A-5D16-C1FD-1101-E99369EECFEC">
<hideElementsInCurrentOnly>false</hideElementsInCurrentOnly>
<bounds x="359" y="49" width="234" height="85"/>
</OView>
<OView class="oracle.dbtools.crest.swingui.relational.TVTable" oid="FE343275-F938-96D5-F5E7-BA065E57C18B" otype="Table" vid="E67F0FEC-40D2-6E6E-B59B-E0CCC5737B21">
<hideElementsInCurrentOnly>false</hideElementsInCurrentOnly>
<bounds x="1742" y="881" width="210" height="122"/>
</OView>
<OView class="oracle.dbtools.crest.swingui.relational.TVTable" oid="FE77C977-DEB4-1A6E-8954-8DA6081372E0" otype="Table" vid="D73D36A4-62B6-1AEA-6DA1-A9ED45E9B14C">
<hideElementsInCurrentOnly>false</hideElementsInCurrentOnly>
<bounds x="1653" y="239" width="271" height="240"/>
</OView>
</objectViews>
<connectors>
<Connector class="oracle.dbtools.crest.swingui.relational.TVFKRelation" oid="015FF4FF-B10C-07C5-53C7-6C3C32BCFC4A" otype="FKIndexAssociation" vid_source="7052C38A-5D16-C1FD-1101-E99369EECFEC" vid_target="8DF0617A-C351-DA00-EABF-327FF07A1A5F">
<hideElementsInCurrentOnly>false</hideElementsInCurrentOnly>
<backgroundColor>-16777216</backgroundColor>
<lineWidth>1</lineWidth>
<points>
<point x="593" y="81"/>
<point x="1561" y="81"/>
</points>
</Connector>
<Connector class="oracle.dbtools.crest.swingui.relational.TVFKRelation" oid="1A6E5F9C-5835-4567-A49C-464641B6AF47" otype="FKIndexAssociation" vid_source="9EB7CFE6-FDD4-0A06-FA12-F5E3A5DA6582" vid_target="B8C11446-7DAB-5150-177F-8354A30C3BD3">
<hideElementsInCurrentOnly>false</hideElementsInCurrentOnly>
<backgroundColor>-16777216</backgroundColor>
<lineWidth>1</lineWidth>
<points>
<point x="1617" y="632"/>
<point x="1433" y="632"/>
</points>
</Connector>
<Connector class="oracle.dbtools.crest.swingui.relational.TVFKRelation" oid="30BDE2D1-6B4D-0C68-6CF8-F460F65A5937" otype="FKIndexAssociation" vid_source="1E3C1DA6-F528-AF20-A108-07B9199A6126" vid_target="2137533F-7E46-5232-E258-772F2F1673E3">
<hideElementsInCurrentOnly>false</hideElementsInCurrentOnly>
<backgroundColor>-16777216</backgroundColor>
<lineWidth>1</lineWidth>
<points>
<point x="958" y="582"/>
<point x="958" y="393"/>
</points>
</Connector>
<Connector class="oracle.dbtools.crest.swingui.relational.TVFKRelation" oid="37D216AA-09B4-9459-2309-E27DE6500E2B" otype="FKIndexAssociation" vid_source="7052C38A-5D16-C1FD-1101-E99369EECFEC" vid_target="1BB6AC2A-BD38-4AED-8303-C2B21350D02F">
<hideElementsInCurrentOnly>false</hideElementsInCurrentOnly>
<backgroundColor>-16777216</backgroundColor>
<lineWidth>1</lineWidth>
<points>
<point x="506" y="134"/>
<point x="506" y="229"/>
</points>
</Connector>
<Connector class="oracle.dbtools.crest.swingui.relational.TVFKRelation" oid="42DA1945-FB05-06E6-71ED-C95172A7317B" otype="FKIndexAssociation" vid_source="AA9D9202-939A-8CD2-6C6F-4BABCC9C2FC1" vid_target="9EB7CFE6-FDD4-0A06-FA12-F5E3A5DA6582">
<hideElementsInCurrentOnly>false</hideElementsInCurrentOnly>
<backgroundColor>-16777216</backgroundColor>
<lineWidth>1</lineWidth>
<points>
<point x="1688" y="1120"/>
<point x="1688" y="757"/>
</points>
</Connector>
<Connector class="oracle.dbtools.crest.swingui.relational.TVFKRelation" oid="4F5E442A-2B5B-D824-712F-0D6F7408DEB7" otype="FKIndexAssociation" vid_source="1BB6AC2A-BD38-4AED-8303-C2B21350D02F" vid_target="1BB6AC2A-BD38-4AED-8303-C2B21350D02F">
<hideElementsInCurrentOnly>false</hideElementsInCurrentOnly>
<backgroundColor>-16777216</backgroundColor>
<lineWidth>1</lineWidth>
<points>
<point x="607" y="381"/>
<point x="696" y="381"/>
<point x="694" y="472"/>
<point x="584" y="472"/>
<point x="584" y="439"/>
</points>
</Connector>
<Connector class="oracle.dbtools.crest.swingui.relational.TVFKRelation" oid="6A93AC44-CBD0-812A-6339-1F6038921A69" otype="FKIndexAssociation" vid_source="AA9D9202-939A-8CD2-6C6F-4BABCC9C2FC1" vid_target="0B80152D-3063-4650-7790-0D726BBB2B05">
<hideElementsInCurrentOnly>false</hideElementsInCurrentOnly>
<backgroundColor>-16777216</backgroundColor>
<lineWidth>1</lineWidth>
<points>
<point x="1480" y="1183"/>
<point x="361" y="1183"/>
</points>
</Connector>
<Connector class="oracle.dbtools.crest.swingui.relational.TVFKRelation" oid="6BA6AFC8-CEEB-FBB7-5247-699A16F2E85F" otype="FKIndexAssociation" vid_source="489F141C-6F24-D7E5-C926-00A2DF2A76EC" vid_target="2137533F-7E46-5232-E258-772F2F1673E3">
<hideElementsInCurrentOnly>false</hideElementsInCurrentOnly>
<backgroundColor>-16777216</backgroundColor>
<lineWidth>1</lineWidth>
<points>
<point x="1259" y="374"/>
<point x="1161" y="374"/>
</points>
</Connector>
<Connector class="oracle.dbtools.crest.swingui.relational.TVFKRelation" oid="6D4B04BD-9678-9398-69A2-2C6C96AF2B8D" otype="FKIndexAssociation" vid_source="1E3C1DA6-F528-AF20-A108-07B9199A6126" vid_target="B8C11446-7DAB-5150-177F-8354A30C3BD3">
<hideElementsInCurrentOnly>false</hideElementsInCurrentOnly>
<backgroundColor>-16777216</backgroundColor>
<lineWidth>1</lineWidth>
<points>
<point x="1011" y="648"/>
<point x="1152" y="648"/>
</points>
</Connector>
<Connector class="oracle.dbtools.crest.swingui.relational.TVFKRelation" oid="86CF2190-7475-87CE-FDE6-E8E33BAC043E" otype="FKIndexAssociation" vid_source="0B80152D-3063-4650-7790-0D726BBB2B05" vid_target="1BB6AC2A-BD38-4AED-8303-C2B21350D02F">
<hideElementsInCurrentOnly>false</hideElementsInCurrentOnly>
<backgroundColor>-16777216</backgroundColor>
<lineWidth>1</lineWidth>
<points>
<point x="346" y="1176"/>
<point x="346" y="439"/>
</points>
</Connector>
<Connector class="oracle.dbtools.crest.swingui.relational.TVFKRelation" oid="91000B0A-967E-AFED-906E-6E1B22718729" otype="FKIndexAssociation" vid_source="D73D36A4-62B6-1AEA-6DA1-A9ED45E9B14C" vid_target="8DF0617A-C351-DA00-EABF-327FF07A1A5F">
<hideElementsInCurrentOnly>false</hideElementsInCurrentOnly>
<backgroundColor>-16777216</backgroundColor>
<lineWidth>1</lineWidth>
<points>
<point x="1763" y="239"/>
<point x="1763" y="170"/>
</points>
</Connector>
<Connector class="oracle.dbtools.crest.swingui.relational.TVFKRelation" oid="97228498-CCC8-04CD-AB49-D923B73B3E22" otype="FKIndexAssociation" vid_source="9EB7CFE6-FDD4-0A06-FA12-F5E3A5DA6582" vid_target="E67F0FEC-40D2-6E6E-B59B-E0CCC5737B21">
<hideElementsInCurrentOnly>false</hideElementsInCurrentOnly>
<backgroundColor>-16777216</backgroundColor>
<lineWidth>1</lineWidth>
<points>
<point x="1828" y="757"/>
<point x="1828" y="881"/>
</points>
</Connector>
<Connector class="oracle.dbtools.crest.swingui.relational.TVFKRelation" oid="9ED69CBA-0C0E-8C54-B77B-ED59EE22BF5E" otype="FKIndexAssociation" vid_source="1E3C1DA6-F528-AF20-A108-07B9199A6126" vid_target="F27D6576-987A-CBF3-FD73-A279157A6696">
<hideElementsInCurrentOnly>false</hideElementsInCurrentOnly>
<backgroundColor>-16777216</backgroundColor>
<lineWidth>1</lineWidth>
<points>
<point x="779" y="676"/>
<point x="637" y="676"/>
</points>
</Connector>
<Connector class="oracle.dbtools.crest.swingui.relational.TVFKRelation" oid="B63AF6A0-D911-908A-26D3-2DEE5AD5F727" otype="FKIndexAssociation" vid_source="9EB7CFE6-FDD4-0A06-FA12-F5E3A5DA6582" vid_target="D73D36A4-62B6-1AEA-6DA1-A9ED45E9B14C">
<hideElementsInCurrentOnly>false</hideElementsInCurrentOnly>
<backgroundColor>-16777216</backgroundColor>
<lineWidth>1</lineWidth>
<points>
<point x="1783" y="610"/>
<point x="1783" y="479"/>
</points>
</Connector>
<Connector class="oracle.dbtools.crest.swingui.relational.TVFKRelation" oid="B77FB1AF-218D-6FE8-2362-38BC6A3B83AD" otype="FKIndexAssociation" vid_source="D73D36A4-62B6-1AEA-6DA1-A9ED45E9B14C" vid_target="489F141C-6F24-D7E5-C926-00A2DF2A76EC">
<hideElementsInCurrentOnly>false</hideElementsInCurrentOnly>
<backgroundColor>-16777216</backgroundColor>
<lineWidth>1</lineWidth>
<points>
<point x="1653" y="374"/>
<point x="1525" y="374"/>
</points>
</Connector>
<Connector class="oracle.dbtools.crest.swingui.relational.TVFKRelation" oid="BA4322ED-275F-B35C-754B-873770B3DB3C" otype="FKIndexAssociation" vid_source="1BB6AC2A-BD38-4AED-8303-C2B21350D02F" vid_target="F27D6576-987A-CBF3-FD73-A279157A6696">
<hideElementsInCurrentOnly>false</hideElementsInCurrentOnly>
<backgroundColor>-16777216</backgroundColor>
<lineWidth>1</lineWidth>
<points>
<point x="489" y="439"/>
<point x="489" y="591"/>
</points>
</Connector>
<Connector class="oracle.dbtools.crest.swingui.relational.TVFKRelation" oid="C03F7BE7-4EEB-5F42-6E72-39BC6C3A0517" otype="FKIndexAssociation" vid_source="E3785C5C-659A-EBE0-DF96-823AD8B7639C" vid_target="1E3C1DA6-F528-AF20-A108-07B9199A6126">
<hideElementsInCurrentOnly>false</hideElementsInCurrentOnly>
<backgroundColor>-16777216</backgroundColor>
<lineWidth>1</lineWidth>
<points>
<point x="941" y="988"/>
<point x="941" y="701"/>
</points>
</Connector>
<Connector class="oracle.dbtools.crest.swingui.relational.TVFKRelation" oid="D3F56884-ECE5-76E7-7F53-D900015FDD25" otype="FKIndexAssociation" vid_source="93CFE8E7-A816-1EF7-2371-205994186BBE" vid_target="E3785C5C-659A-EBE0-DF96-823AD8B7639C">
<hideElementsInCurrentOnly>false</hideElementsInCurrentOnly>
<backgroundColor>-16777216</backgroundColor>
<lineWidth>1</lineWidth>
<points>
<point x="1077" y="883"/>
<point x="1077" y="988"/>
</points>
</Connector>
<Connector class="oracle.dbtools.crest.swingui.relational.TVFKRelation" oid="E0E5E287-A28B-5349-AF07-C4A66013C7F7" otype="FKIndexAssociation" vid_source="7396CB74-4BFD-E836-BD19-7E46D41FED86" vid_target="F27D6576-987A-CBF3-FD73-A279157A6696">
<hideElementsInCurrentOnly>false</hideElementsInCurrentOnly>
<backgroundColor>-16777216</backgroundColor>
<lineWidth>1</lineWidth>
<points>
<point x="554" y="1012"/>
<point x="554" y="751"/>
</points>
</Connector>
<Connector class="oracle.dbtools.crest.swingui.relational.TVFKRelation" oid="E6F5B455-9504-19CB-F073-227E2E051C5E" otype="FKIndexAssociation" vid_source="E3785C5C-659A-EBE0-DF96-823AD8B7639C" vid_target="7396CB74-4BFD-E836-BD19-7E46D41FED86">
<hideElementsInCurrentOnly>false</hideElementsInCurrentOnly>
<backgroundColor>-16777216</backgroundColor>
<lineWidth>1</lineWidth>
<points>
<point x="812" y="1105"/>
<point x="622" y="1105"/>
</points>
</Connector>
<Connector class="oracle.dbtools.crest.swingui.relational.TVFKRelation" oid="F112FE9C-13B3-D204-B5C3-9A15AEE35DC3" otype="FKIndexAssociation" vid_source="AA9D9202-939A-8CD2-6C6F-4BABCC9C2FC1" vid_target="E3785C5C-659A-EBE0-DF96-823AD8B7639C">
<hideElementsInCurrentOnly>false</hideElementsInCurrentOnly>
<backgroundColor>-16777216</backgroundColor>
<lineWidth>1</lineWidth>
<points>
<point x="1480" y="1124"/>
<point x="1090" y="1124"/>
</points>
</Connector>
<Connector class="oracle.dbtools.crest.swingui.relational.TVFKRelation" oid="FDF2FC6F-5387-493E-5BA7-DB6CBF2DFEB3" otype="FKIndexAssociation" vid_source="1BB6AC2A-BD38-4AED-8303-C2B21350D02F" vid_target="2137533F-7E46-5232-E258-772F2F1673E3">
<hideElementsInCurrentOnly>false</hideElementsInCurrentOnly>
<backgroundColor>-16777216</backgroundColor>
<lineWidth>1</lineWidth>
<points>
<point x="607" y="315"/>
<point x="846" y="315"/>
</points>
</Connector>
</connectors>
</Diagram>
