<?xml version = '1.0' encoding = 'UTF-8'?>
<Diagram class="oracle.dbtools.crest.swingui.logical.DPVLogical" name="Logical" id="0B2E3874-1A1F-B5A4-90EB-0D4EBCAC0C8D">
<createdBy>Windows 10</createdBy>
<modifiedBy>Windows 10</modifiedBy>
<createdTime>2022-04-25 12:12:12 UTC</createdTime>
<autoRoute>false</autoRoute>
<boxInbox>true</boxInbox>
<showLegend>true</showLegend>
<showLabels>true</showLabels>
<showRelAttributes>true</showRelAttributes>
<gridEnabled>false</gridEnabled>
<showGrid>false</showGrid>
<diagramColor>-1</diagramColor>
<display>false</display>
<notation>2</notation>
<showAllDetails>false</showAllDetails>
<showElements>true</showElements>
<objectViews>
<OView class="oracle.dbtools.crest.swingui.logical.TVEntity" oid="0E8F38A0-4A4B-B6BD-0410-D4E79561CF4C" otype="Entity" vid="E325883D-D48D-B7FA-119B-3CC145F2A62D">
<hideElementsInCurrentOnly>false</hideElementsInCurrentOnly>
<bounds x="1259" y="297" width="266" height="94"/>
</OView>
<OView class="oracle.dbtools.crest.swingui.logical.TVEntity" oid="2B38A0B3-86AC-863F-3B8B-B67936CDC872" otype="Entity" vid="4694E61A-CAA0-64B2-724D-CC4A6FABA495">
<hideElementsInCurrentOnly>false</hideElementsInCurrentOnly>
<bounds x="1561" y="84" width="252" height="86"/>
</OView>
<OView class="oracle.dbtools.crest.swingui.logical.TVEntity" oid="2F62528C-F332-9CE3-9ECB-A694DC6A3D7C" otype="Entity" vid="14AD7708-D236-65EB-5C74-283D859209EA">
<hideElementsInCurrentOnly>false</hideElementsInCurrentOnly>
<bounds x="1480" y="1120" width="190" height="101"/>
</OView>
<OView class="oracle.dbtools.crest.swingui.logical.TVEntity" oid="31615807-721D-277F-D09F-58F8A3B6B1E1" otype="Entity" vid="C5B04DD4-0878-5641-905B-1CDF775B4AC6">
<hideElementsInCurrentOnly>false</hideElementsInCurrentOnly>
<bounds x="1152" y="586" width="281" height="99"/>
</OView>
<OView class="oracle.dbtools.crest.swingui.logical.TVEntity" oid="34F101B3-0226-7E8C-6DAE-999F4EA02BCC" otype="Entity" vid="1F37159C-4031-F35F-D612-D1810FA10AB1">
<hideElementsInCurrentOnly>false</hideElementsInCurrentOnly>
<bounds x="1617" y="610" width="213" height="147"/>
</OView>
<OView class="oracle.dbtools.crest.swingui.logical.TVEntity" oid="372C6211-857B-89A2-088A-08F80B889FF1" otype="Entity" vid="A73BE082-28F4-6565-DA71-133C4B1C4803">
<hideElementsInCurrentOnly>false</hideElementsInCurrentOnly>
<bounds x="1653" y="270" width="231" height="209"/>
</OView>
<OView class="oracle.dbtools.crest.swingui.logical.TVEntity" oid="529059E4-651E-95D8-324D-4313CF9ADBDC" otype="Entity" vid="4EB830A0-F124-716A-278C-E3490EAA34CE">
<hideElementsInCurrentOnly>false</hideElementsInCurrentOnly>
<bounds x="401" y="591" width="236" height="121"/>
</OView>
<OView class="oracle.dbtools.crest.swingui.logical.TVEntity" oid="62C48E95-E701-6EFF-0E8C-ED6CE289ED37" otype="Entity" vid="B87AB044-3997-5E0F-2094-0A2448C5D72B">
<hideElementsInCurrentOnly>false</hideElementsInCurrentOnly>
<bounds x="846" y="264" width="315" height="129"/>
</OView>
<OView class="oracle.dbtools.crest.swingui.logical.TVEntity" oid="7BC19E96-2657-884D-1D4A-75AB429AB5B7" otype="Entity" vid="0C0B430C-A5B3-5992-F20B-92EDB0AC8AF5">
<hideElementsInCurrentOnly>false</hideElementsInCurrentOnly>
<bounds x="817" y="582" width="194" height="119"/>
</OView>
<OView class="oracle.dbtools.crest.swingui.logical.TVEntity" oid="ABDE8D55-CE04-6F0F-7995-AD17682E2C68" otype="Entity" vid="4E25931D-78C3-704A-B3A7-BC03AE5A576A">
<hideElementsInCurrentOnly>false</hideElementsInCurrentOnly>
<bounds x="372" y="49" width="221" height="85"/>
</OView>
<OView class="oracle.dbtools.crest.swingui.logical.TVEntity" oid="CB6DB628-F7B8-2AFE-C7EE-6D6EF340F0BD" otype="Entity" vid="DF60E897-6190-0F9F-B0F9-CC86A76862D9">
<hideElementsInCurrentOnly>false</hideElementsInCurrentOnly>
<bounds x="1742" y="881" width="210" height="122"/>
</OView>
<OView class="oracle.dbtools.crest.swingui.logical.TVEntity" oid="CCDC2CC1-0993-CC91-AEDF-05FE25733762" otype="Entity" vid="B8F317C2-4EA5-6AF0-B7D1-0382A2C1463B">
<hideElementsInCurrentOnly>false</hideElementsInCurrentOnly>
<bounds x="93" y="1176" width="268" height="151"/>
</OView>
<OView class="oracle.dbtools.crest.swingui.TVLegend" oid="CDFC9D64-0375-14F4-2140-6CB99D0D82F5" otype="Legend" vid="A1013F85-9FD6-6A24-86D2-BD64932EA3E6">
<hideElementsInCurrentOnly>false</hideElementsInCurrentOnly>
<bounds x="10" y="10" width="226" height="128"/>
</OView>
<OView class="oracle.dbtools.crest.swingui.logical.TVEntity" oid="DBB85DAE-958C-66AD-78B2-C21325EC13D4" otype="Entity" vid="C625F8BC-860A-6EAA-A02C-0074E8AB5066">
<hideElementsInCurrentOnly>false</hideElementsInCurrentOnly>
<bounds x="426" y="1012" width="196" height="126"/>
</OView>
<OView class="oracle.dbtools.crest.swingui.logical.TVEntity" oid="DF17E3AF-8D27-17AC-44FE-D8BFA2C3FC6F" otype="Entity" vid="5FD876F2-CA2E-9E21-6F10-DD2371F6B7CC">
<hideElementsInCurrentOnly>false</hideElementsInCurrentOnly>
<bounds x="812" y="1002" width="256" height="157"/>
</OView>
<OView class="oracle.dbtools.crest.swingui.logical.TVEntity" oid="F55B625E-1369-E818-E0A8-6C11593CED39" otype="Entity" vid="12385E89-CBAC-51DF-0DCB-3C465B804136">
<hideElementsInCurrentOnly>false</hideElementsInCurrentOnly>
<bounds x="1004" y="772" width="227" height="111"/>
</OView>
<OView class="oracle.dbtools.crest.swingui.logical.TVEntity" oid="FBD6C99E-D779-E65B-C4F4-8A2C6F850B8E" otype="Entity" vid="D560A4EA-C1E4-647E-E814-9593675EC9A1">
<hideElementsInCurrentOnly>false</hideElementsInCurrentOnly>
<bounds x="358" y="229" width="249" height="183"/>
</OView>
</objectViews>
<connectors>
<Connector class="oracle.dbtools.crest.swingui.logical.TVRelation" oid="091B4154-43E4-7A0B-247A-6B1D8A2FF149" otype="Relation" vid_source="4E25931D-78C3-704A-B3A7-BC03AE5A576A" vid_target="D560A4EA-C1E4-647E-E814-9593675EC9A1">
<hideElementsInCurrentOnly>false</hideElementsInCurrentOnly>
<backgroundColor>-16777216</backgroundColor>
<lineWidth>1</lineWidth>
<points>
<point x="482" y="134"/>
<point x="482" y="229"/>
</points>
</Connector>
<Connector class="oracle.dbtools.crest.swingui.logical.TVRelation" oid="0F8E621D-C1DB-C083-B6CE-B14001A6E7BB" otype="Relation" vid_source="D560A4EA-C1E4-647E-E814-9593675EC9A1" vid_target="4EB830A0-F124-716A-278C-E3490EAA34CE">
<hideElementsInCurrentOnly>false</hideElementsInCurrentOnly>
<backgroundColor>-16777216</backgroundColor>
<lineWidth>1</lineWidth>
<sourceLabel class="oracle.dbtools.crest.model.design.Label">
<site>0</site>
<labelBounds x="504" y="471" width="59" height="37"/>
<noBackgroundColor>true</noBackgroundColor>
<noForegroundColor>true</noForegroundColor>
</sourceLabel>
<targetLabel class="oracle.dbtools.crest.model.design.Label">
<site>2</site>
<labelBounds x="504" y="548" width="18" height="37"/>
<noBackgroundColor>true</noBackgroundColor>
<noForegroundColor>true</noForegroundColor>
</targetLabel>
<points>
<point x="504" y="412"/>
<point x="504" y="591"/>
</points>
</Connector>
<Connector class="oracle.dbtools.crest.swingui.logical.TVRelation" oid="2961C0EB-8577-B13C-A17D-3E4681ED7454" otype="Relation" vid_source="14AD7708-D236-65EB-5C74-283D859209EA" vid_target="5FD876F2-CA2E-9E21-6F10-DD2371F6B7CC">
<hideElementsInCurrentOnly>false</hideElementsInCurrentOnly>
<backgroundColor>-16777216</backgroundColor>
<lineWidth>1</lineWidth>
<sourceLabel class="oracle.dbtools.crest.model.design.Label">
<site>0</site>
<labelBounds x="1416" y="1117" width="58" height="37"/>
<noBackgroundColor>true</noBackgroundColor>
<noForegroundColor>true</noForegroundColor>
</sourceLabel>
<targetLabel class="oracle.dbtools.crest.model.design.Label">
<site>2</site>
<labelBounds x="1078" y="1157" width="18" height="37"/>
<noBackgroundColor>true</noBackgroundColor>
<noForegroundColor>true</noForegroundColor>
</targetLabel>
<points>
<point x="1480" y="1154"/>
<point x="1068" y="1154"/>
</points>
</Connector>
<Connector class="oracle.dbtools.crest.swingui.logical.TVRelation" oid="2E35B628-9ED5-11BC-1AE0-E5ED670A8362" otype="Relation" vid_source="D560A4EA-C1E4-647E-E814-9593675EC9A1" vid_target="B87AB044-3997-5E0F-2094-0A2448C5D72B">
<hideElementsInCurrentOnly>false</hideElementsInCurrentOnly>
<backgroundColor>-16777216</backgroundColor>
<lineWidth>1</lineWidth>
<sourceLabel class="oracle.dbtools.crest.model.design.Label">
<site>0</site>
<labelBounds x="617" y="295" width="73" height="33"/>
<noBackgroundColor>true</noBackgroundColor>
<noForegroundColor>true</noForegroundColor>
</sourceLabel>
<targetLabel class="oracle.dbtools.crest.model.design.Label">
<site>2</site>
<labelBounds x="822" y="331" width="18" height="33"/>
<noBackgroundColor>true</noBackgroundColor>
<noForegroundColor>true</noForegroundColor>
</targetLabel>
<points>
<point x="607" y="328"/>
<point x="846" y="328"/>
</points>
</Connector>
<Connector class="oracle.dbtools.crest.swingui.logical.TVRelation" oid="33BD3BFF-F9D4-DAEF-7732-E1347A455E42" otype="Relation" vid_source="12385E89-CBAC-51DF-0DCB-3C465B804136" vid_target="5FD876F2-CA2E-9E21-6F10-DD2371F6B7CC">
<hideElementsInCurrentOnly>false</hideElementsInCurrentOnly>
<backgroundColor>-16777216</backgroundColor>
<lineWidth>1</lineWidth>
<sourceLabel class="oracle.dbtools.crest.model.design.Label">
<site>0</site>
<labelBounds x="1051" y="926" width="58" height="37"/>
<noBackgroundColor>true</noBackgroundColor>
<noForegroundColor>true</noForegroundColor>
</sourceLabel>
<targetLabel class="oracle.dbtools.crest.model.design.Label">
<site>2</site>
<labelBounds x="1051" y="935" width="18" height="37"/>
<noBackgroundColor>true</noBackgroundColor>
<noForegroundColor>true</noForegroundColor>
</targetLabel>
<points>
<point x="1051" y="883"/>
<point x="1051" y="1002"/>
</points>
</Connector>
<Connector class="oracle.dbtools.crest.swingui.logical.TVRelation" oid="4102E874-6E6B-22FE-5076-931A35DF25C9" otype="Relation" vid_source="0C0B430C-A5B3-5992-F20B-92EDB0AC8AF5" vid_target="C5B04DD4-0878-5641-905B-1CDF775B4AC6">
<hideElementsInCurrentOnly>false</hideElementsInCurrentOnly>
<backgroundColor>-16777216</backgroundColor>
<lineWidth>1</lineWidth>
<sourceLabel class="oracle.dbtools.crest.model.design.Label">
<site>0</site>
<labelBounds x="1021" y="598" width="54" height="37"/>
<noBackgroundColor>true</noBackgroundColor>
<noForegroundColor>true</noForegroundColor>
</sourceLabel>
<targetLabel class="oracle.dbtools.crest.model.design.Label">
<site>2</site>
<labelBounds x="1128" y="638" width="18" height="38"/>
<noBackgroundColor>true</noBackgroundColor>
<noForegroundColor>true</noForegroundColor>
</targetLabel>
<points>
<point x="1011" y="635"/>
<point x="1152" y="635"/>
</points>
</Connector>
<Connector class="oracle.dbtools.crest.swingui.logical.TVRelation" oid="4B0385BC-ACE0-F96A-B12C-D06B0471DEE8" otype="Relation" vid_source="B8F317C2-4EA5-6AF0-B7D1-0382A2C1463B" vid_target="D560A4EA-C1E4-647E-E814-9593675EC9A1">
<hideElementsInCurrentOnly>false</hideElementsInCurrentOnly>
<backgroundColor>-16777216</backgroundColor>
<lineWidth>1</lineWidth>
<sourceLabel class="oracle.dbtools.crest.model.design.Label">
<site>0</site>
<labelBounds x="359" y="1129" width="66" height="41"/>
<noBackgroundColor>true</noBackgroundColor>
<noForegroundColor>true</noForegroundColor>
</sourceLabel>
<targetLabel class="oracle.dbtools.crest.model.design.Label">
<site>2</site>
<labelBounds x="359" y="459" width="18" height="41"/>
<noBackgroundColor>true</noBackgroundColor>
<noForegroundColor>true</noForegroundColor>
</targetLabel>
<points>
<point x="359" y="1176"/>
<point x="359" y="412"/>
</points>
</Connector>
<Connector class="oracle.dbtools.crest.swingui.logical.TVRelation" oid="4F07F293-A0CF-E462-DD42-5775953A68F3" otype="Relation" vid_source="5FD876F2-CA2E-9E21-6F10-DD2371F6B7CC" vid_target="C625F8BC-860A-6EAA-A02C-0074E8AB5066">
<hideElementsInCurrentOnly>false</hideElementsInCurrentOnly>
<backgroundColor>-16777216</backgroundColor>
<lineWidth>1</lineWidth>
<points>
<point x="812" y="1075"/>
<point x="622" y="1075"/>
</points>
</Connector>
<Connector class="oracle.dbtools.crest.swingui.logical.TVRelation" oid="53BC64BD-FA3F-A4D0-EB35-43733D237309" otype="Relation" vid_source="A73BE082-28F4-6565-DA71-133C4B1C4803" vid_target="4694E61A-CAA0-64B2-724D-CC4A6FABA495">
<hideElementsInCurrentOnly>false</hideElementsInCurrentOnly>
<backgroundColor>-16777216</backgroundColor>
<lineWidth>1</lineWidth>
<sourceLabel class="oracle.dbtools.crest.model.design.Label">
<site>0</site>
<labelBounds x="1733" y="223" width="72" height="33"/>
<noBackgroundColor>true</noBackgroundColor>
<noForegroundColor>true</noForegroundColor>
</sourceLabel>
<targetLabel class="oracle.dbtools.crest.model.design.Label">
<site>2</site>
<labelBounds x="1733" y="217" width="18" height="33"/>
<noBackgroundColor>true</noBackgroundColor>
<noForegroundColor>true</noForegroundColor>
</targetLabel>
<points>
<point x="1733" y="270"/>
<point x="1733" y="170"/>
</points>
</Connector>
<Connector class="oracle.dbtools.crest.swingui.logical.TVRelation" oid="5E7AD633-422E-B601-C0AE-C2EB0432D58C" otype="Relation" vid_source="14AD7708-D236-65EB-5C74-283D859209EA" vid_target="B8F317C2-4EA5-6AF0-B7D1-0382A2C1463B">
<hideElementsInCurrentOnly>false</hideElementsInCurrentOnly>
<backgroundColor>-16777216</backgroundColor>
<lineWidth>1</lineWidth>
<sourceLabel class="oracle.dbtools.crest.model.design.Label">
<site>0</site>
<labelBounds x="1442" y="1163" width="32" height="35"/>
<noBackgroundColor>true</noBackgroundColor>
<noForegroundColor>true</noForegroundColor>
</sourceLabel>
<targetLabel class="oracle.dbtools.crest.model.design.Label">
<site>2</site>
<labelBounds x="371" y="1201" width="18" height="35"/>
<noBackgroundColor>true</noBackgroundColor>
<noForegroundColor>true</noForegroundColor>
</targetLabel>
<points>
<point x="1480" y="1198"/>
<point x="361" y="1198"/>
</points>
</Connector>
<Connector class="oracle.dbtools.crest.swingui.logical.TVRelation" oid="61A95D75-D0D6-1AD8-57F0-4D29E9DF5819" otype="Relation" vid_source="C625F8BC-860A-6EAA-A02C-0074E8AB5066" vid_target="4EB830A0-F124-716A-278C-E3490EAA34CE">
<hideElementsInCurrentOnly>false</hideElementsInCurrentOnly>
<backgroundColor>-16777216</backgroundColor>
<lineWidth>1</lineWidth>
<sourceLabel class="oracle.dbtools.crest.model.design.Label">
<site>0</site>
<labelBounds x="524" y="961" width="59" height="37"/>
<noBackgroundColor>true</noBackgroundColor>
<noForegroundColor>true</noForegroundColor>
</sourceLabel>
<targetLabel class="oracle.dbtools.crest.model.design.Label">
<site>2</site>
<labelBounds x="524" y="771" width="18" height="37"/>
<noBackgroundColor>true</noBackgroundColor>
<noForegroundColor>true</noForegroundColor>
</targetLabel>
<points>
<point x="524" y="1012"/>
<point x="524" y="712"/>
</points>
</Connector>
<Connector class="oracle.dbtools.crest.swingui.logical.TVRelation" oid="7DE46316-50E8-1D4E-1670-51662623F421" otype="Relation" vid_source="1F37159C-4031-F35F-D612-D1810FA10AB1" vid_target="A73BE082-28F4-6565-DA71-133C4B1C4803">
<hideElementsInCurrentOnly>false</hideElementsInCurrentOnly>
<backgroundColor>-16777216</backgroundColor>
<lineWidth>1</lineWidth>
<sourceLabel class="oracle.dbtools.crest.model.design.Label">
<site>0</site>
<labelBounds x="1741" y="553" width="41" height="35"/>
<noBackgroundColor>true</noBackgroundColor>
<noForegroundColor>true</noForegroundColor>
</sourceLabel>
<targetLabel class="oracle.dbtools.crest.model.design.Label">
<site>2</site>
<labelBounds x="1741" y="520" width="18" height="35"/>
<noBackgroundColor>true</noBackgroundColor>
<noForegroundColor>true</noForegroundColor>
</targetLabel>
<points>
<point x="1741" y="610"/>
<point x="1741" y="479"/>
</points>
</Connector>
<Connector class="oracle.dbtools.crest.swingui.logical.TVRelation" oid="945CF9FD-979D-F76D-E561-4AA20922A03B" otype="Relation" vid_source="1F37159C-4031-F35F-D612-D1810FA10AB1" vid_target="C5B04DD4-0878-5641-905B-1CDF775B4AC6">
<hideElementsInCurrentOnly>false</hideElementsInCurrentOnly>
<backgroundColor>-16777216</backgroundColor>
<lineWidth>1</lineWidth>
<sourceLabel class="oracle.dbtools.crest.model.design.Label">
<site>0</site>
<labelBounds x="1559" y="607" width="52" height="40"/>
<noBackgroundColor>true</noBackgroundColor>
<noForegroundColor>true</noForegroundColor>
</sourceLabel>
<targetLabel class="oracle.dbtools.crest.model.design.Label">
<site>2</site>
<labelBounds x="1443" y="650" width="18" height="40"/>
<noBackgroundColor>true</noBackgroundColor>
<noForegroundColor>true</noForegroundColor>
</targetLabel>
<points>
<point x="1617" y="647"/>
<point x="1433" y="647"/>
</points>
</Connector>
<Connector class="oracle.dbtools.crest.swingui.logical.TVRelation" oid="A5FF57A5-073B-FF27-E183-19A2A4B655C6" otype="Relation" vid_source="5FD876F2-CA2E-9E21-6F10-DD2371F6B7CC" vid_target="0C0B430C-A5B3-5992-F20B-92EDB0AC8AF5">
<hideElementsInCurrentOnly>false</hideElementsInCurrentOnly>
<backgroundColor>-16777216</backgroundColor>
<lineWidth>1</lineWidth>
<sourceLabel class="oracle.dbtools.crest.model.design.Label">
<site>0</site>
<labelBounds x="914" y="943" width="63" height="37"/>
<noBackgroundColor>true</noBackgroundColor>
<noForegroundColor>true</noForegroundColor>
</sourceLabel>
<targetLabel class="oracle.dbtools.crest.model.design.Label">
<site>2</site>
<labelBounds x="914" y="760" width="18" height="37"/>
<noBackgroundColor>true</noBackgroundColor>
<noForegroundColor>true</noForegroundColor>
</targetLabel>
<points>
<point x="914" y="1002"/>
<point x="914" y="701"/>
</points>
</Connector>
<Connector class="oracle.dbtools.crest.swingui.logical.TVRelation" oid="ACDE69EE-46E1-2013-99C6-3BB550A1B4DC" otype="Relation" vid_source="A73BE082-28F4-6565-DA71-133C4B1C4803" vid_target="E325883D-D48D-B7FA-119B-3CC145F2A62D">
<hideElementsInCurrentOnly>false</hideElementsInCurrentOnly>
<backgroundColor>-16777216</backgroundColor>
<lineWidth>1</lineWidth>
<sourceLabel class="oracle.dbtools.crest.model.design.Label">
<site>0</site>
<labelBounds x="1615" y="309" width="32" height="35"/>
<noBackgroundColor>true</noBackgroundColor>
<noForegroundColor>true</noForegroundColor>
</sourceLabel>
<targetLabel class="oracle.dbtools.crest.model.design.Label">
<site>2</site>
<labelBounds x="1535" y="347" width="18" height="35"/>
<noBackgroundColor>true</noBackgroundColor>
<noForegroundColor>true</noForegroundColor>
</targetLabel>
<points>
<point x="1653" y="344"/>
<point x="1525" y="344"/>
</points>
</Connector>
<Connector class="oracle.dbtools.crest.swingui.logical.TVRelation" oid="B114D0B1-FB11-54E2-C448-BACE05366A14" otype="Relation" vid_source="4E25931D-78C3-704A-B3A7-BC03AE5A576A" vid_target="4694E61A-CAA0-64B2-724D-CC4A6FABA495">
<hideElementsInCurrentOnly>false</hideElementsInCurrentOnly>
<backgroundColor>-16777216</backgroundColor>
<lineWidth>1</lineWidth>
<sourceLabel class="oracle.dbtools.crest.model.design.Label">
<site>0</site>
<labelBounds x="603" y="76" width="52" height="33"/>
<noBackgroundColor>true</noBackgroundColor>
<noForegroundColor>true</noForegroundColor>
</sourceLabel>
<targetLabel class="oracle.dbtools.crest.model.design.Label">
<site>2</site>
<labelBounds x="1537" y="112" width="18" height="33"/>
<noBackgroundColor>true</noBackgroundColor>
<noForegroundColor>true</noForegroundColor>
</targetLabel>
<points>
<point x="593" y="109"/>
<point x="1561" y="109"/>
</points>
</Connector>
<Connector class="oracle.dbtools.crest.swingui.logical.TVRelation" oid="BBD819E8-EC3B-BF0D-AC46-04C06E3CA990" otype="Relation" vid_source="1F37159C-4031-F35F-D612-D1810FA10AB1" vid_target="DF60E897-6190-0F9F-B0F9-CC86A76862D9">
<hideElementsInCurrentOnly>false</hideElementsInCurrentOnly>
<backgroundColor>-16777216</backgroundColor>
<lineWidth>1</lineWidth>
<sourceLabel class="oracle.dbtools.crest.model.design.Label">
<site>0</site>
<labelBounds x="1771" y="804" width="54" height="33"/>
<noBackgroundColor>true</noBackgroundColor>
<noForegroundColor>true</noForegroundColor>
</sourceLabel>
<targetLabel class="oracle.dbtools.crest.model.design.Label">
<site>2</site>
<labelBounds x="1771" y="841" width="19" height="34"/>
<noBackgroundColor>true</noBackgroundColor>
<noForegroundColor>true</noForegroundColor>
</targetLabel>
<points>
<point x="1771" y="757"/>
<point x="1771" y="881"/>
</points>
</Connector>
<Connector class="oracle.dbtools.crest.swingui.logical.TVRelation" oid="C0F857B1-BEB6-1AA1-2F83-1C6112643F93" otype="Relation" vid_source="D560A4EA-C1E4-647E-E814-9593675EC9A1" vid_target="D560A4EA-C1E4-647E-E814-9593675EC9A1">
<hideElementsInCurrentOnly>false</hideElementsInCurrentOnly>
<backgroundColor>-16777216</backgroundColor>
<lineWidth>1</lineWidth>
<sourceLabel class="oracle.dbtools.crest.model.design.Label">
<site>0</site>
<labelBounds x="696" y="357" width="49" height="39"/>
<noBackgroundColor>true</noBackgroundColor>
<noForegroundColor>true</noForegroundColor>
</sourceLabel>
<targetLabel class="oracle.dbtools.crest.model.design.Label">
<site>2</site>
<labelBounds x="584" y="459" width="18" height="39"/>
<noBackgroundColor>true</noBackgroundColor>
<noForegroundColor>true</noForegroundColor>
</targetLabel>
<points>
<point x="607" y="381"/>
<point x="696" y="381"/>
<point x="694" y="472"/>
<point x="584" y="472"/>
<point x="584" y="412"/>
</points>
</Connector>
<Connector class="oracle.dbtools.crest.swingui.logical.TVRelation" oid="F2B5B98C-89AE-4D8F-99AA-BB1910F12B55" otype="Relation" vid_source="14AD7708-D236-65EB-5C74-283D859209EA" vid_target="1F37159C-4031-F35F-D612-D1810FA10AB1">
<hideElementsInCurrentOnly>false</hideElementsInCurrentOnly>
<backgroundColor>-16777216</backgroundColor>
<lineWidth>1</lineWidth>
<sourceLabel class="oracle.dbtools.crest.model.design.Label">
<site>0</site>
<labelBounds x="1658" y="1079" width="68" height="35"/>
<noBackgroundColor>true</noBackgroundColor>
<noForegroundColor>true</noForegroundColor>
</sourceLabel>
<targetLabel class="oracle.dbtools.crest.model.design.Label">
<site>2</site>
<labelBounds x="1658" y="798" width="18" height="37"/>
<noBackgroundColor>true</noBackgroundColor>
<noForegroundColor>true</noForegroundColor>
</targetLabel>
<points>
<point x="1658" y="1120"/>
<point x="1658" y="757"/>
</points>
</Connector>
<Connector class="oracle.dbtools.crest.swingui.logical.TVRelation" oid="F33C7BA1-B310-D369-0D69-13B8FF16F23D" otype="Relation" vid_source="0C0B430C-A5B3-5992-F20B-92EDB0AC8AF5" vid_target="4EB830A0-F124-716A-278C-E3490EAA34CE">
<hideElementsInCurrentOnly>false</hideElementsInCurrentOnly>
<backgroundColor>-16777216</backgroundColor>
<lineWidth>1</lineWidth>
<sourceLabel class="oracle.dbtools.crest.model.design.Label">
<site>0</site>
<labelBounds x="752" y="609" width="59" height="37"/>
<noBackgroundColor>true</noBackgroundColor>
<noForegroundColor>true</noForegroundColor>
</sourceLabel>
<targetLabel class="oracle.dbtools.crest.model.design.Label">
<site>2</site>
<labelBounds x="647" y="649" width="18" height="37"/>
<noBackgroundColor>true</noBackgroundColor>
<noForegroundColor>true</noForegroundColor>
</targetLabel>
<points>
<point x="817" y="646"/>
<point x="637" y="646"/>
</points>
</Connector>
<Connector class="oracle.dbtools.crest.swingui.logical.TVRelation" oid="F87B2CAF-2E93-6D9C-37CB-B93B0C776848" otype="Relation" vid_source="0C0B430C-A5B3-5992-F20B-92EDB0AC8AF5" vid_target="B87AB044-3997-5E0F-2094-0A2448C5D72B">
<hideElementsInCurrentOnly>false</hideElementsInCurrentOnly>
<backgroundColor>-16777216</backgroundColor>
<lineWidth>1</lineWidth>
<sourceLabel class="oracle.dbtools.crest.model.design.Label">
<site>0</site>
<labelBounds x="928" y="517" width="78" height="35"/>
<noBackgroundColor>true</noBackgroundColor>
<noForegroundColor>true</noForegroundColor>
</sourceLabel>
<targetLabel class="oracle.dbtools.crest.model.design.Label">
<site>2</site>
<labelBounds x="928" y="442" width="18" height="35"/>
<noBackgroundColor>true</noBackgroundColor>
<noForegroundColor>true</noForegroundColor>
</targetLabel>
<points>
<point x="928" y="582"/>
<point x="928" y="393"/>
</points>
</Connector>
<Connector class="oracle.dbtools.crest.swingui.logical.TVRelation" oid="FB31322E-2044-3BB1-FA59-474526A88CA8" otype="Relation" vid_source="E325883D-D48D-B7FA-119B-3CC145F2A62D" vid_target="B87AB044-3997-5E0F-2094-0A2448C5D72B">
<hideElementsInCurrentOnly>false</hideElementsInCurrentOnly>
<backgroundColor>-16777216</backgroundColor>
<lineWidth>1</lineWidth>
<sourceLabel class="oracle.dbtools.crest.model.design.Label">
<site>0</site>
<labelBounds x="1202" y="309" width="51" height="35"/>
<noBackgroundColor>true</noBackgroundColor>
<noForegroundColor>true</noForegroundColor>
</sourceLabel>
<targetLabel class="oracle.dbtools.crest.model.design.Label">
<site>2</site>
<labelBounds x="1171" y="347" width="14" height="37"/>
<noBackgroundColor>true</noBackgroundColor>
<noForegroundColor>true</noForegroundColor>
</targetLabel>
<points>
<point x="1259" y="344"/>
<point x="1161" y="344"/>
</points>
</Connector>
</connectors>
</Diagram>
