<?xml version = '1.0' encoding = 'UTF-8'?>
<Table class="oracle.dbtools.crest.model.design.relational.Table" directorySegmentName="seg_0" id="07D7A718-97AE-45DA-0234-455FE422131A" name="MANIFEST">
<createdBy>cileong</createdBy>
<createdTime>2022-04-27 18:29:00 UTC</createdTime>
<generatorID>529059E4-651E-95D8-324D-4313CF9ADBDC</generatorID>
<ownerDesignName>wc_logical</ownerDesignName>
<allowColumnReorder>false</allowColumnReorder>
<existDependencyGenerateInDDl>true</existDependencyGenerateInDDl>
<parsed>true</parsed>
<columns itemClass="oracle.dbtools.crest.model.design.relational.Column">
<Column name="cruise_id" id="E1D8C50F-9BA4-EC8D-D10A-45B934DF0C53">
<createdBy>cileong</createdBy>
<createdTime>2022-04-27 18:29:00 UTC</createdTime>
<commentInRDBMS><![CDATA[The ID that uniquely identifies the cruise]]></commentInRDBMS>
<generatorID>FD0DE520-FFFC-2224-3B48-C3E055A2CF57</generatorID>
<ownerDesignName>wc_logical</ownerDesignName>
<useDomainConstraints>false</useDomainConstraints>
<use>1</use>
<logicalDatatype>LOGDT019</logicalDatatype>
<dataTypePrecision>4</dataTypePrecision>
<ownDataTypeParameters>,,</ownDataTypeParameters>
<previousColumn>false</previousColumn>
<autoIncrementCycle>false</autoIncrementCycle>
<associations>
<colAssociation fkAssociation="9ED69CBA-0C0E-8C54-B77B-ED59EE22BF5E" referredColumn="1FCEAE3E-378F-E0DF-F273-1D321B5DE946"/>
</associations>
</Column>
<Column name="passenger_id" id="87B99C15-FB7B-A6CD-D189-6D52628437D0">
<createdBy>cileong</createdBy>
<createdTime>2022-04-27 18:29:00 UTC</createdTime>
<commentInRDBMS><![CDATA[Passenger ID]]></commentInRDBMS>
<generatorID>D4CB3C2F-1151-5A83-5115-B49A0D6F2D29</generatorID>
<ownerDesignName>wc_logical</ownerDesignName>
<useDomainConstraints>false</useDomainConstraints>
<use>1</use>
<logicalDatatype>LOGDT019</logicalDatatype>
<dataTypePrecision>5</dataTypePrecision>
<ownDataTypeParameters>,,</ownDataTypeParameters>
<previousColumn>false</previousColumn>
<autoIncrementCycle>false</autoIncrementCycle>
<associations>
<colAssociation fkAssociation="BA4322ED-275F-B35C-754B-873770B3DB3C" referredColumn="80ADD87E-4028-0632-6E87-1D6308076E44"/>
</associations>
</Column>
<Column name="ship_code" id="DD648AC2-7FA0-6A0A-3D82-FCFAF35DE022">
<createdBy>cileong</createdBy>
<createdTime>2022-04-27 18:29:00 UTC</createdTime>
<commentInRDBMS><![CDATA[Ship's code]]></commentInRDBMS>
<generatorID>2A79B701-E9C5-419C-FF44-4BAD8827D36D</generatorID>
<ownerDesignName>wc_logical</ownerDesignName>
<useDomainConstraints>false</useDomainConstraints>
<use>1</use>
<logicalDatatype>LOGDT019</logicalDatatype>
<dataTypePrecision>5</dataTypePrecision>
<ownDataTypeParameters>,,</ownDataTypeParameters>
<previousColumn>false</previousColumn>
<autoIncrementCycle>false</autoIncrementCycle>
<associations>
<colAssociation fkAssociation="E0E5E287-A28B-5349-AF07-C4A66013C7F7" referredColumn="65322D9B-A635-F486-4B37-E621C276142E"/>
</associations>
</Column>
<Column name="cabin_no" id="DE5E94D9-4B92-C7B2-B2D7-4B47B1B1951A">
<createdBy>cileong</createdBy>
<createdTime>2022-04-27 18:29:00 UTC</createdTime>
<commentInRDBMS><![CDATA[The number that uniquely identifies the cabin]]></commentInRDBMS>
<generatorID>BBC2C35C-B726-86D6-97BB-A46989F6471A</generatorID>
<ownerDesignName>wc_logical</ownerDesignName>
<useDomainConstraints>false</useDomainConstraints>
<use>1</use>
<logicalDatatype>LOGDT019</logicalDatatype>
<dataTypePrecision>4</dataTypePrecision>
<ownDataTypeParameters>,,</ownDataTypeParameters>
<previousColumn>false</previousColumn>
<autoIncrementCycle>false</autoIncrementCycle>
<associations>
<colAssociation fkAssociation="E0E5E287-A28B-5349-AF07-C4A66013C7F7" referredColumn="DB0C03F5-658B-EA78-9DBC-56305A2C6AB5"/>
</associations>
</Column>
<Column name="man_boarding_datetime" id="41D27664-D396-313E-EF9C-A07215800EA1">
<createdBy>cileong</createdBy>
<createdTime>2022-04-27 18:29:00 UTC</createdTime>
<commentInRDBMS><![CDATA[The passenger's boarding date and time]]></commentInRDBMS>
<generatorID>C7209D94-106F-C591-1A92-1B8AB0999046</generatorID>
<ownerDesignName>wc_logical</ownerDesignName>
<useDomainConstraints>false</useDomainConstraints>
<use>1</use>
<logicalDatatype>LOGDT007</logicalDatatype>
<ownDataTypeParameters>,,</ownDataTypeParameters>
<autoIncrementCycle>false</autoIncrementCycle>
</Column>
</columns>
<indexes itemClass="oracle.dbtools.crest.model.design.relational.Index">
<ind_PK_UK id="055B920C-47BE-8DBD-5B4C-BDBE23052F3C" name="MANIFEST_PK">
<createdBy>cileong</createdBy>
<createdTime>2022-04-27 18:29:00 UTC</createdTime>
<generatorID>2F8C9255-E1B1-F4EC-B6AF-FD57C14C2DF2</generatorID>
<ownerDesignName>wc_logical</ownerDesignName>
<pk>true</pk>
<indexState>Primary Constraint</indexState>
<isSurrogateKey>false</isSurrogateKey>
<indexColumnUsage>
<colUsage columnID="87B99C15-FB7B-A6CD-D189-6D52628437D0"/>
<colUsage columnID="E1D8C50F-9BA4-EC8D-D10A-45B934DF0C53"/>
</indexColumnUsage>
</ind_PK_UK>
<ind_PK_UK id="877066D1-FFF8-5AA5-5C13-3D12E6CDC280" name="cabin_manifest">
<createdBy>cileong</createdBy>
<createdTime>2022-04-27 18:29:00 UTC</createdTime>
<generatorID>61A95D75-D0D6-1AD8-57F0-4D29E9DF5819</generatorID>
<ownerDesignName>wc_logical</ownerDesignName>
<indexState>Foreign Key</indexState>
<isSurrogateKey>false</isSurrogateKey>
<indexColumnUsage>
<colUsage columnID="DE5E94D9-4B92-C7B2-B2D7-4B47B1B1951A"/>
<colUsage columnID="DD648AC2-7FA0-6A0A-3D82-FCFAF35DE022"/>
</indexColumnUsage>
</ind_PK_UK>
<ind_PK_UK id="F50DFC0B-493D-0DC1-A09D-3D1F10D10725" name="cruise_manifest">
<createdBy>cileong</createdBy>
<createdTime>2022-04-27 18:29:00 UTC</createdTime>
<generatorID>F33C7BA1-B310-D369-0D69-13B8FF16F23D</generatorID>
<ownerDesignName>wc_logical</ownerDesignName>
<indexState>Foreign Key</indexState>
<isSurrogateKey>false</isSurrogateKey>
<indexColumnUsage>
<colUsage columnID="E1D8C50F-9BA4-EC8D-D10A-45B934DF0C53"/>
</indexColumnUsage>
</ind_PK_UK>
<ind_PK_UK id="AA0EC87D-39F1-897C-87EF-9099F00BA48D" name="passenger_manifest">
<createdBy>cileong</createdBy>
<createdTime>2022-04-27 18:29:00 UTC</createdTime>
<generatorID>0F8E621D-C1DB-C083-B6CE-B14001A6E7BB</generatorID>
<ownerDesignName>wc_logical</ownerDesignName>
<indexState>Foreign Key</indexState>
<isSurrogateKey>false</isSurrogateKey>
<indexColumnUsage>
<colUsage columnID="87B99C15-FB7B-A6CD-D189-6D52628437D0"/>
</indexColumnUsage>
</ind_PK_UK>
</indexes>
</Table>
