<?xml version = '1.0' encoding = 'UTF-8'?>
<Table class="oracle.dbtools.crest.model.design.relational.Table" directorySegmentName="seg_0" id="125ED426-E189-16DB-6DFC-37371DB2902D" name="PASSENGER_ADDRESS">
<createdBy>cileong</createdBy>
<createdTime>2022-04-27 18:29:00 UTC</createdTime>
<generatorID>CCDC2CC1-0993-CC91-AEDF-05FE25733762</generatorID>
<ownerDesignName>wc_logical</ownerDesignName>
<allowColumnReorder>false</allowColumnReorder>
<existDependencyGenerateInDDl>true</existDependencyGenerateInDDl>
<parsed>true</parsed>
<columns itemClass="oracle.dbtools.crest.model.design.relational.Column">
<Column name="pa_id" id="ACB85296-6D4E-9270-85E0-F1222E163200">
<createdBy>cileong</createdBy>
<createdTime>2022-04-27 18:29:00 UTC</createdTime>
<commentInRDBMS><![CDATA[Address ID]]></commentInRDBMS>
<generatorID>6609401F-72E5-FA18-51B2-DD3744BA7301</generatorID>
<ownerDesignName>wc_logical</ownerDesignName>
<useDomainConstraints>false</useDomainConstraints>
<use>1</use>
<logicalDatatype>LOGDT019</logicalDatatype>
<dataTypePrecision>5</dataTypePrecision>
<ownDataTypeParameters>,5,</ownDataTypeParameters>
<autoIncrementCycle>false</autoIncrementCycle>
</Column>
<Column name="pa_street" id="DD2A3018-4004-CBEC-5969-082136F16396">
<createdBy>cileong</createdBy>
<createdTime>2022-04-27 18:29:00 UTC</createdTime>
<commentInRDBMS><![CDATA[Street address]]></commentInRDBMS>
<generatorID>E0CBF8FF-DF77-2462-D5DA-B52BDB6B70FD</generatorID>
<ownerDesignName>wc_logical</ownerDesignName>
<useDomainConstraints>false</useDomainConstraints>
<use>1</use>
<logicalDatatype>LOGDT024</logicalDatatype>
<dataTypeSize>99 CHAR</dataTypeSize>
<ownDataTypeParameters>99 CHAR,,</ownDataTypeParameters>
<autoIncrementCycle>false</autoIncrementCycle>
</Column>
<Column name="pa_town" id="910A658E-BD28-17A8-7561-5B2DBFB99F69">
<createdBy>cileong</createdBy>
<createdTime>2022-04-27 18:29:00 UTC</createdTime>
<commentInRDBMS><![CDATA[The town the address belongs to]]></commentInRDBMS>
<generatorID>8C1BAE4B-1C3F-3190-B040-2AD4BB2302D4</generatorID>
<ownerDesignName>wc_logical</ownerDesignName>
<useDomainConstraints>false</useDomainConstraints>
<use>1</use>
<logicalDatatype>LOGDT024</logicalDatatype>
<dataTypeSize>99 CHAR</dataTypeSize>
<ownDataTypeParameters>99 CHAR,,</ownDataTypeParameters>
<autoIncrementCycle>false</autoIncrementCycle>
</Column>
<Column name="pa_postcode" id="68E4174A-5B3E-A4A2-BF70-C262C458B849">
<createdBy>cileong</createdBy>
<createdTime>2022-04-27 18:29:00 UTC</createdTime>
<commentInRDBMS><![CDATA[Postcode]]></commentInRDBMS>
<generatorID>56B147B9-063A-4AA0-D533-70906D3C27D0</generatorID>
<ownerDesignName>wc_logical</ownerDesignName>
<useDomainConstraints>false</useDomainConstraints>
<use>1</use>
<logicalDatatype>LOGDT024</logicalDatatype>
<dataTypeSize>10 CHAR</dataTypeSize>
<ownDataTypeParameters>10 CHAR,,</ownDataTypeParameters>
<autoIncrementCycle>false</autoIncrementCycle>
</Column>
<Column name="pa_country_code" id="7B748CA6-2F26-79E2-5F02-6B54B78081BD">
<createdBy>cileong</createdBy>
<createdTime>2022-04-27 18:29:00 UTC</createdTime>
<commentInRDBMS><![CDATA[Country's code]]></commentInRDBMS>
<generatorID>D7D22E22-39C1-509D-6439-794995E11DC2</generatorID>
<ownerDesignName>wc_logical</ownerDesignName>
<useDomainConstraints>false</useDomainConstraints>
<use>1</use>
<logicalDatatype>LOGDT025</logicalDatatype>
<dataTypeSize>2 CHAR</dataTypeSize>
<ownDataTypeParameters>,,</ownDataTypeParameters>
<previousColumn>false</previousColumn>
<autoIncrementCycle>false</autoIncrementCycle>
<associations>
<colAssociation fkAssociation="6A93AC44-CBD0-812A-6339-1F6038921A69" referredColumn="35631B0D-0982-9C8B-B904-94A6DB221003"/>
</associations>
</Column>
</columns>
<indexes itemClass="oracle.dbtools.crest.model.design.relational.Index">
<ind_PK_UK id="DFFBE6DD-5DC7-9D91-D350-8209FD8ED80C" name="ADDRESS_PK">
<createdBy>cileong</createdBy>
<createdTime>2022-04-27 18:29:00 UTC</createdTime>
<generatorID>E54591FE-AA91-7057-96D6-28D205957A4C</generatorID>
<ownerDesignName>wc_logical</ownerDesignName>
<pk>true</pk>
<indexState>Primary Constraint</indexState>
<isSurrogateKey>false</isSurrogateKey>
<indexColumnUsage>
<colUsage columnID="ACB85296-6D4E-9270-85E0-F1222E163200"/>
</indexColumnUsage>
</ind_PK_UK>
<ind_PK_UK id="8C6EE4E0-86C5-8CD7-E248-BBF09C82ADF7" name="ADDRESS_NK">
<createdBy>cileong</createdBy>
<createdTime>2022-04-27 18:29:00 UTC</createdTime>
<generatorID>B5679C57-507C-054D-5B2A-96BF25166827</generatorID>
<ownerDesignName>wc_logical</ownerDesignName>
<indexState>Unique Constraint</indexState>
<isSurrogateKey>false</isSurrogateKey>
<indexColumnUsage>
<colUsage columnID="DD2A3018-4004-CBEC-5969-082136F16396"/>
<colUsage columnID="910A658E-BD28-17A8-7561-5B2DBFB99F69"/>
<colUsage columnID="68E4174A-5B3E-A4A2-BF70-C262C458B849"/>
</indexColumnUsage>
</ind_PK_UK>
<ind_PK_UK id="20CA0315-02A1-92A4-9472-82D67648B43B" name="address_country">
<createdBy>cileong</createdBy>
<createdTime>2022-04-27 18:29:00 UTC</createdTime>
<generatorID>5E7AD633-422E-B601-C0AE-C2EB0432D58C</generatorID>
<ownerDesignName>wc_logical</ownerDesignName>
<indexState>Foreign Key</indexState>
<isSurrogateKey>false</isSurrogateKey>
<indexColumnUsage>
<colUsage columnID="7B748CA6-2F26-79E2-5F02-6B54B78081BD"/>
</indexColumnUsage>
</ind_PK_UK>
</indexes>
</Table>
