<?xml version = '1.0' encoding = 'UTF-8'?>
<Table class="oracle.dbtools.crest.model.design.relational.Table" directorySegmentName="seg_0" id="55EBD92F-0BBB-44F0-AE94-8F30095B9F19" name="COUNTRY">
<createdBy>cileong</createdBy>
<createdTime>2022-04-27 18:29:00 UTC</createdTime>
<generatorID>2F62528C-F332-9CE3-9ECB-A694DC6A3D7C</generatorID>
<ownerDesignName>wc_logical</ownerDesignName>
<allowColumnReorder>false</allowColumnReorder>
<existDependencyGenerateInDDl>true</existDependencyGenerateInDDl>
<parsed>true</parsed>
<columns itemClass="oracle.dbtools.crest.model.design.relational.Column">
<Column name="country_code" id="35631B0D-0982-9C8B-B904-94A6DB221003">
<createdBy>cileong</createdBy>
<createdTime>2022-04-27 18:29:00 UTC</createdTime>
<commentInRDBMS><![CDATA[Country's code]]></commentInRDBMS>
<generatorID>39B2AFDE-4368-0EC9-4187-F64A0E4BD25D</generatorID>
<ownerDesignName>wc_logical</ownerDesignName>
<useDomainConstraints>false</useDomainConstraints>
<use>1</use>
<logicalDatatype>LOGDT025</logicalDatatype>
<dataTypeSize>2 CHAR</dataTypeSize>
<ownDataTypeParameters>2 CHAR,,</ownDataTypeParameters>
<autoIncrementCycle>false</autoIncrementCycle>
</Column>
<Column name="country_name" id="4598A2B7-13C5-144B-E404-F4E301F48736">
<createdBy>cileong</createdBy>
<createdTime>2022-04-27 18:29:00 UTC</createdTime>
<commentInRDBMS><![CDATA[Country's name]]></commentInRDBMS>
<generatorID>8AE073E0-E3FD-D142-6897-307317364715</generatorID>
<ownerDesignName>wc_logical</ownerDesignName>
<useDomainConstraints>false</useDomainConstraints>
<use>1</use>
<logicalDatatype>LOGDT024</logicalDatatype>
<dataTypeSize>60 CHAR</dataTypeSize>
<ownDataTypeParameters>60 CHAR,,</ownDataTypeParameters>
<autoIncrementCycle>false</autoIncrementCycle>
</Column>
</columns>
<indexes itemClass="oracle.dbtools.crest.model.design.relational.Index">
<ind_PK_UK id="C630175E-3549-2565-DA93-4C71DB012D5D" name="COUNTRY_PK">
<createdBy>cileong</createdBy>
<createdTime>2022-04-27 18:29:00 UTC</createdTime>
<generatorID>99F65F1E-C18A-B612-761B-FC6FE5CA911C</generatorID>
<ownerDesignName>wc_logical</ownerDesignName>
<pk>true</pk>
<indexState>Primary Constraint</indexState>
<isSurrogateKey>false</isSurrogateKey>
<indexColumnUsage>
<colUsage columnID="35631B0D-0982-9C8B-B904-94A6DB221003"/>
</indexColumnUsage>
</ind_PK_UK>
</indexes>
</Table>
