<?xml version = '1.0' encoding = 'UTF-8'?>
<Table class="oracle.dbtools.crest.model.design.relational.Table" directorySegmentName="seg_0" id="66C1317E-9189-6DC6-4ABC-CEE442F46A42" name="CABIN">
<createdBy>cileong</createdBy>
<createdTime>2022-04-27 18:29:00 UTC</createdTime>
<generatorID>DBB85DAE-958C-66AD-78B2-C21325EC13D4</generatorID>
<ownerDesignName>wc_logical</ownerDesignName>
<allowColumnReorder>false</allowColumnReorder>
<existDependencyGenerateInDDl>true</existDependencyGenerateInDDl>
<parsed>true</parsed>
<columns itemClass="oracle.dbtools.crest.model.design.relational.Column">
<Column name="ship_code" id="65322D9B-A635-F486-4B37-E621C276142E">
<createdBy>cileong</createdBy>
<createdTime>2022-04-27 18:29:00 UTC</createdTime>
<commentInRDBMS><![CDATA[Ship's code]]></commentInRDBMS>
<generatorID>3388F9D3-7A99-78A2-5336-659D732F2429</generatorID>
<ownerDesignName>wc_logical</ownerDesignName>
<useDomainConstraints>false</useDomainConstraints>
<use>1</use>
<logicalDatatype>LOGDT019</logicalDatatype>
<dataTypePrecision>5</dataTypePrecision>
<ownDataTypeParameters>,,</ownDataTypeParameters>
<previousColumn>false</previousColumn>
<autoIncrementCycle>false</autoIncrementCycle>
<associations>
<colAssociation fkAssociation="E6F5B455-9504-19CB-F073-227E2E051C5E" referredColumn="20F2B261-E2B5-4486-0D72-E12088F7E532"/>
</associations>
</Column>
<Column name="cabin_no" id="DB0C03F5-658B-EA78-9DBC-56305A2C6AB5">
<createdBy>cileong</createdBy>
<createdTime>2022-04-27 18:29:00 UTC</createdTime>
<commentInRDBMS><![CDATA[The number that uniquely identifies the cabin]]></commentInRDBMS>
<generatorID>B5220D4F-A967-3E17-634C-A5D3DC832469</generatorID>
<ownerDesignName>wc_logical</ownerDesignName>
<useDomainConstraints>false</useDomainConstraints>
<use>1</use>
<logicalDatatype>LOGDT019</logicalDatatype>
<dataTypePrecision>4</dataTypePrecision>
<ownDataTypeParameters>,4,</ownDataTypeParameters>
<autoIncrementCycle>false</autoIncrementCycle>
</Column>
<Column name="cabin_capacity" id="350A84AB-D285-5364-5494-C8208C8C3788">
<createdBy>cileong</createdBy>
<createdTime>2022-04-27 18:29:00 UTC</createdTime>
<commentInRDBMS><![CDATA[The capacity of the cabin]]></commentInRDBMS>
<generatorID>AD1CCF31-0CC1-0D7B-87F6-EDD1F009735F</generatorID>
<ownerDesignName>wc_logical</ownerDesignName>
<useDomainConstraints>false</useDomainConstraints>
<use>1</use>
<logicalDatatype>LOGDT019</logicalDatatype>
<dataTypePrecision>1</dataTypePrecision>
<ownDataTypeParameters>,1,</ownDataTypeParameters>
<autoIncrementCycle>false</autoIncrementCycle>
</Column>
<Column name="cabin_class" id="C923D920-0BA8-76B1-E52F-D0805E32913E">
<createdBy>cileong</createdBy>
<createdTime>2022-04-27 18:29:00 UTC</createdTime>
<commentInRDBMS><![CDATA[The class of the cabin]]></commentInRDBMS>
<generatorID>BF38CAEA-60D0-80BA-F64A-7497A7DCCFA9</generatorID>
<ownerDesignName>wc_logical</ownerDesignName>
<constraintName>CONSTRAINT CABIN CLASS</constraintName>
<useDomainConstraints>false</useDomainConstraints>
<use>1</use>
<logicalDatatype>LOGDT025</logicalDatatype>
<dataTypeSize>1 CHAR</dataTypeSize>
<listOfValues>
<valueDef value="B" description="balcony"/>
<valueDef value="I" description="interior"/>
<valueDef value="O" description="ocean view"/>
<valueDef value="S" description="suite"/>
</listOfValues>
<ownDataTypeParameters>1 CHAR,,</ownDataTypeParameters>
<autoIncrementCycle>false</autoIncrementCycle>
</Column>
</columns>
<indexes itemClass="oracle.dbtools.crest.model.design.relational.Index">
<ind_PK_UK id="ED68865A-BC5C-22B3-6BE6-6607369BFA9C" name="CABIN_PK">
<createdBy>cileong</createdBy>
<createdTime>2022-04-27 18:29:00 UTC</createdTime>
<generatorID>645072D0-7653-8649-54D4-DDBF591F7F49</generatorID>
<ownerDesignName>wc_logical</ownerDesignName>
<pk>true</pk>
<indexState>Primary Constraint</indexState>
<isSurrogateKey>false</isSurrogateKey>
<indexColumnUsage>
<colUsage columnID="DB0C03F5-658B-EA78-9DBC-56305A2C6AB5"/>
<colUsage columnID="65322D9B-A635-F486-4B37-E621C276142E"/>
</indexColumnUsage>
</ind_PK_UK>
<ind_PK_UK id="B89E0DB3-04DC-0E5E-4DCD-08BD0BEB7E9A" name="ship_cabin">
<createdBy>cileong</createdBy>
<createdTime>2022-04-27 18:29:00 UTC</createdTime>
<generatorID>4F07F293-A0CF-E462-DD42-5775953A68F3</generatorID>
<ownerDesignName>wc_logical</ownerDesignName>
<indexState>Foreign Key</indexState>
<isSurrogateKey>false</isSurrogateKey>
<indexColumnUsage>
<colUsage columnID="65322D9B-A635-F486-4B37-E621C276142E"/>
</indexColumnUsage>
</ind_PK_UK>
</indexes>
</Table>
