<?xml version = '1.0' encoding = 'UTF-8'?>
<Table class="oracle.dbtools.crest.model.design.relational.Table" directorySegmentName="seg_0" id="8BEAF739-416F-D740-1088-E4A4A14F7171" name="TOUR_REPORT">
<createdBy>cileong</createdBy>
<createdTime>2022-04-27 18:29:00 UTC</createdTime>
<generatorID>0E8F38A0-4A4B-B6BD-0410-D4E79561CF4C</generatorID>
<ownerDesignName>wc_logical</ownerDesignName>
<allowColumnReorder>false</allowColumnReorder>
<existDependencyGenerateInDDl>true</existDependencyGenerateInDDl>
<parsed>true</parsed>
<columns itemClass="oracle.dbtools.crest.model.design.relational.Column">
<Column name="tour_id" id="A2D11D7E-FDF1-AEE4-2B33-A405A0FEE29E">
<createdBy>cileong</createdBy>
<createdTime>2022-04-27 18:29:00 UTC</createdTime>
<commentInRDBMS><![CDATA[Tour's ID]]></commentInRDBMS>
<generatorID>B3749CEB-94F3-E288-2468-29E48A41568B</generatorID>
<ownerDesignName>wc_logical</ownerDesignName>
<useDomainConstraints>false</useDomainConstraints>
<use>1</use>
<logicalDatatype>LOGDT019</logicalDatatype>
<dataTypePrecision>6</dataTypePrecision>
<ownDataTypeParameters>,,</ownDataTypeParameters>
<previousColumn>false</previousColumn>
<autoIncrementCycle>false</autoIncrementCycle>
<associations>
<colAssociation fkAssociation="B77FB1AF-218D-6FE8-2362-38BC6A3B83AD" referredColumn="522E21A8-C904-5448-95CD-61375385E053"/>
</associations>
</Column>
<Column name="tour_date" id="2AAEC344-CAA4-FA9B-45EF-9696AF1C45D3">
<createdBy>cileong</createdBy>
<createdTime>2022-04-27 18:29:00 UTC</createdTime>
<commentInRDBMS><![CDATA[The date of the tour]]></commentInRDBMS>
<generatorID>1A5650DD-7CE4-D8B6-CE31-76DDB77A10BA</generatorID>
<ownerDesignName>wc_logical</ownerDesignName>
<useDomainConstraints>false</useDomainConstraints>
<use>1</use>
<logicalDatatype>LOGDT007</logicalDatatype>
<ownDataTypeParameters>,,</ownDataTypeParameters>
<autoIncrementCycle>false</autoIncrementCycle>
</Column>
</columns>
<indexes itemClass="oracle.dbtools.crest.model.design.relational.Index">
<ind_PK_UK id="6D8049BF-E9C6-CF26-2D85-01FC19FCC4E2" name="TOUR_REPORT_PK">
<createdBy>cileong</createdBy>
<createdTime>2022-04-27 18:29:00 UTC</createdTime>
<generatorID>85A26038-6C3F-0777-86FB-C84FE5D9AE8F</generatorID>
<ownerDesignName>wc_logical</ownerDesignName>
<pk>true</pk>
<indexState>Primary Constraint</indexState>
<isSurrogateKey>false</isSurrogateKey>
<indexColumnUsage>
<colUsage columnID="2AAEC344-CAA4-FA9B-45EF-9696AF1C45D3"/>
<colUsage columnID="A2D11D7E-FDF1-AEE4-2B33-A405A0FEE29E"/>
</indexColumnUsage>
</ind_PK_UK>
<ind_PK_UK id="326EE908-63A1-7227-59D4-E9BFF6A9DBC8" name="tour_tr">
<createdBy>cileong</createdBy>
<createdTime>2022-04-27 18:29:00 UTC</createdTime>
<generatorID>ACDE69EE-46E1-2013-99C6-3BB550A1B4DC</generatorID>
<ownerDesignName>wc_logical</ownerDesignName>
<indexState>Foreign Key</indexState>
<isSurrogateKey>false</isSurrogateKey>
<indexColumnUsage>
<colUsage columnID="A2D11D7E-FDF1-AEE4-2B33-A405A0FEE29E"/>
</indexColumnUsage>
</ind_PK_UK>
</indexes>
</Table>
