<?xml version = '1.0' encoding = 'UTF-8'?>
<Table class="oracle.dbtools.crest.model.design.relational.Table" directorySegmentName="seg_0" id="8D5D34BA-4563-4D0A-409D-7FFAE30BAC01" name="SHIP">
<createdBy>cileong</createdBy>
<createdTime>2022-04-27 18:29:00 UTC</createdTime>
<generatorID>DF17E3AF-8D27-17AC-44FE-D8BFA2C3FC6F</generatorID>
<ownerDesignName>wc_logical</ownerDesignName>
<allowColumnReorder>false</allowColumnReorder>
<existDependencyGenerateInDDl>true</existDependencyGenerateInDDl>
<parsed>true</parsed>
<columns itemClass="oracle.dbtools.crest.model.design.relational.Column">
<Column name="ship_code" id="20F2B261-E2B5-4486-0D72-E12088F7E532">
<createdBy>cileong</createdBy>
<createdTime>2022-04-27 18:29:00 UTC</createdTime>
<commentInRDBMS><![CDATA[Ship's code]]></commentInRDBMS>
<generatorID>405DF8C5-797B-8E84-9ED8-1DBF4469DD28</generatorID>
<ownerDesignName>wc_logical</ownerDesignName>
<useDomainConstraints>false</useDomainConstraints>
<use>1</use>
<logicalDatatype>LOGDT019</logicalDatatype>
<dataTypePrecision>5</dataTypePrecision>
<ownDataTypeParameters>,5,</ownDataTypeParameters>
<autoIncrementCycle>false</autoIncrementCycle>
</Column>
<Column name="ship_name" id="A6C5F161-E3CA-1E93-C680-32537B4CF72E">
<createdBy>cileong</createdBy>
<createdTime>2022-04-27 18:29:00 UTC</createdTime>
<commentInRDBMS><![CDATA[The name of the ship]]></commentInRDBMS>
<generatorID>37147897-D188-983A-E469-B2B7941599CC</generatorID>
<ownerDesignName>wc_logical</ownerDesignName>
<useDomainConstraints>false</useDomainConstraints>
<use>1</use>
<logicalDatatype>LOGDT024</logicalDatatype>
<dataTypeSize>50 CHAR</dataTypeSize>
<ownDataTypeParameters>50 CHAR,,</ownDataTypeParameters>
<autoIncrementCycle>false</autoIncrementCycle>
</Column>
<Column name="ship_commission_date" id="05BD6AFF-7BDB-76F5-30FC-7F99E4DC8C28">
<createdBy>cileong</createdBy>
<createdTime>2022-04-27 18:29:00 UTC</createdTime>
<commentInRDBMS><![CDATA[The date the ship was commissioned]]></commentInRDBMS>
<generatorID>7CA34278-8E76-7403-D3BA-E0D998C772EC</generatorID>
<ownerDesignName>wc_logical</ownerDesignName>
<useDomainConstraints>false</useDomainConstraints>
<use>1</use>
<logicalDatatype>LOGDT007</logicalDatatype>
<ownDataTypeParameters>,,</ownDataTypeParameters>
<autoIncrementCycle>false</autoIncrementCycle>
</Column>
<Column name="ship_tonnage" id="CADDEB99-EA52-9725-3F7D-C7625C666B54">
<createdBy>cileong</createdBy>
<createdTime>2022-04-27 18:29:00 UTC</createdTime>
<commentInRDBMS><![CDATA[The ship's tonnage]]></commentInRDBMS>
<generatorID>79D506E7-3448-5CA0-B52A-4A72B2A8F177</generatorID>
<ownerDesignName>wc_logical</ownerDesignName>
<useDomainConstraints>false</useDomainConstraints>
<use>1</use>
<logicalDatatype>LOGDT019</logicalDatatype>
<dataTypePrecision>7</dataTypePrecision>
<ownDataTypeParameters>,7,</ownDataTypeParameters>
<autoIncrementCycle>false</autoIncrementCycle>
</Column>
<Column name="ship_max_guest_capacity" id="784CA6F6-34C6-3476-5AB6-E31C8240A50F">
<createdBy>cileong</createdBy>
<createdTime>2022-04-27 18:29:00 UTC</createdTime>
<commentInRDBMS><![CDATA[The maximum number of guest the ship can accept]]></commentInRDBMS>
<generatorID>32F8433B-C228-7121-1D2F-0F541B3DCC54</generatorID>
<ownerDesignName>wc_logical</ownerDesignName>
<useDomainConstraints>false</useDomainConstraints>
<use>1</use>
<logicalDatatype>LOGDT019</logicalDatatype>
<dataTypePrecision>4</dataTypePrecision>
<ownDataTypeParameters>,4,</ownDataTypeParameters>
<autoIncrementCycle>false</autoIncrementCycle>
</Column>
<Column name="operator_id" id="BF8711A9-46F8-D8C9-A261-8DA70877548A">
<createdBy>cileong</createdBy>
<createdTime>2022-04-27 18:29:00 UTC</createdTime>
<commentInRDBMS><![CDATA[Operator's ID]]></commentInRDBMS>
<generatorID>2DC8BE35-A181-841A-5D39-D8CB7EFDEB16</generatorID>
<ownerDesignName>wc_logical</ownerDesignName>
<useDomainConstraints>false</useDomainConstraints>
<use>1</use>
<logicalDatatype>LOGDT019</logicalDatatype>
<dataTypePrecision>5</dataTypePrecision>
<ownDataTypeParameters>,,</ownDataTypeParameters>
<previousColumn>false</previousColumn>
<autoIncrementCycle>false</autoIncrementCycle>
<associations>
<colAssociation fkAssociation="D3F56884-ECE5-76E7-7F53-D900015FDD25" referredColumn="A617E4CD-2DD4-DA7E-D060-CA896D7205D4"/>
</associations>
</Column>
<Column name="country_of_registration" id="196A488A-937C-F07A-3105-035A57C30AF8">
<createdBy>cileong</createdBy>
<createdTime>2022-04-27 18:29:00 UTC</createdTime>
<commentInRDBMS><![CDATA[Country's code]]></commentInRDBMS>
<generatorID>3AB1EAC1-65AE-9026-7D54-2D8A3A423643</generatorID>
<ownerDesignName>wc_logical</ownerDesignName>
<useDomainConstraints>false</useDomainConstraints>
<use>1</use>
<logicalDatatype>LOGDT025</logicalDatatype>
<dataTypeSize>2 CHAR</dataTypeSize>
<ownDataTypeParameters>,,</ownDataTypeParameters>
<previousColumn>false</previousColumn>
<autoIncrementCycle>false</autoIncrementCycle>
<associations>
<colAssociation fkAssociation="F112FE9C-13B3-D204-B5C3-9A15AEE35DC3" referredColumn="35631B0D-0982-9C8B-B904-94A6DB221003"/>
</associations>
</Column>
</columns>
<indexes itemClass="oracle.dbtools.crest.model.design.relational.Index">
<ind_PK_UK id="EA2D825B-3651-386B-A031-D4F6E2FE84FF" name="SHIP_PK">
<createdBy>cileong</createdBy>
<createdTime>2022-04-27 18:29:00 UTC</createdTime>
<generatorID>630254F5-68E4-8427-F99C-96C6F09D9189</generatorID>
<ownerDesignName>wc_logical</ownerDesignName>
<pk>true</pk>
<indexState>Primary Constraint</indexState>
<isSurrogateKey>false</isSurrogateKey>
<indexColumnUsage>
<colUsage columnID="20F2B261-E2B5-4486-0D72-E12088F7E532"/>
</indexColumnUsage>
</ind_PK_UK>
<ind_PK_UK id="21E0A7AC-02B3-D550-B687-B17AD067EF65" name="country_ship">
<createdBy>cileong</createdBy>
<createdTime>2022-04-27 18:29:00 UTC</createdTime>
<generatorID>2961C0EB-8577-B13C-A17D-3E4681ED7454</generatorID>
<ownerDesignName>wc_logical</ownerDesignName>
<indexState>Foreign Key</indexState>
<isSurrogateKey>false</isSurrogateKey>
<indexColumnUsage>
<colUsage columnID="196A488A-937C-F07A-3105-035A57C30AF8"/>
</indexColumnUsage>
</ind_PK_UK>
<ind_PK_UK id="82D75BF9-78C6-DA8A-53E4-D1A77C44D377" name="operator_ship">
<createdBy>cileong</createdBy>
<createdTime>2022-04-27 18:29:00 UTC</createdTime>
<generatorID>33BD3BFF-F9D4-DAEF-7732-E1347A455E42</generatorID>
<ownerDesignName>wc_logical</ownerDesignName>
<indexState>Foreign Key</indexState>
<isSurrogateKey>false</isSurrogateKey>
<indexColumnUsage>
<colUsage columnID="BF8711A9-46F8-D8C9-A261-8DA70877548A"/>
</indexColumnUsage>
</ind_PK_UK>
</indexes>
</Table>
