<?xml version = '1.0' encoding = 'UTF-8'?>
<Table class="oracle.dbtools.crest.model.design.relational.Table" directorySegmentName="seg_0" id="C03CE516-CDEB-88B3-03DF-AB3D8130513B" name="PORT">
<createdBy>cileong</createdBy>
<createdTime>2022-04-27 18:29:00 UTC</createdTime>
<generatorID>34F101B3-0226-7E8C-6DAE-999F4EA02BCC</generatorID>
<ownerDesignName>wc_logical</ownerDesignName>
<allowColumnReorder>false</allowColumnReorder>
<existDependencyGenerateInDDl>true</existDependencyGenerateInDDl>
<parsed>true</parsed>
<columns itemClass="oracle.dbtools.crest.model.design.relational.Column">
<Column name="port_code" id="F6253292-3638-9CA2-A369-5B64D67B097D">
<createdBy>cileong</createdBy>
<createdTime>2022-04-27 18:29:00 UTC</createdTime>
<commentInRDBMS><![CDATA[The code that uniquely identifies the port]]></commentInRDBMS>
<generatorID>1E5A0C15-B216-6456-A5D3-BD5F1EE9C5E1</generatorID>
<ownerDesignName>wc_logical</ownerDesignName>
<useDomainConstraints>false</useDomainConstraints>
<use>1</use>
<logicalDatatype>LOGDT025</logicalDatatype>
<dataTypeSize>5 CHAR</dataTypeSize>
<ownDataTypeParameters>5 CHAR,,</ownDataTypeParameters>
<autoIncrementCycle>false</autoIncrementCycle>
</Column>
<Column name="country_code" id="D97229AF-F6BB-06D6-05E9-E10C1F10C390">
<createdBy>cileong</createdBy>
<createdTime>2022-04-27 18:29:00 UTC</createdTime>
<commentInRDBMS><![CDATA[Country's code]]></commentInRDBMS>
<generatorID>F05C4385-52D2-5A9E-CF7D-950652CDF887</generatorID>
<ownerDesignName>wc_logical</ownerDesignName>
<useDomainConstraints>false</useDomainConstraints>
<use>1</use>
<logicalDatatype>LOGDT025</logicalDatatype>
<dataTypeSize>2 CHAR</dataTypeSize>
<ownDataTypeParameters>,,</ownDataTypeParameters>
<previousColumn>false</previousColumn>
<autoIncrementCycle>false</autoIncrementCycle>
<associations>
<colAssociation fkAssociation="42DA1945-FB05-06E6-71ED-C95172A7317B" referredColumn="35631B0D-0982-9C8B-B904-94A6DB221003"/>
</associations>
</Column>
<Column name="port_name" id="968393B3-CA7C-4907-87F9-28259E1C6365">
<createdBy>cileong</createdBy>
<createdTime>2022-04-27 18:29:00 UTC</createdTime>
<commentInRDBMS><![CDATA[The name of the port]]></commentInRDBMS>
<generatorID>10227A89-D4A9-6B06-68EB-63F3ECEAE8A7</generatorID>
<ownerDesignName>wc_logical</ownerDesignName>
<useDomainConstraints>false</useDomainConstraints>
<use>1</use>
<logicalDatatype>LOGDT024</logicalDatatype>
<dataTypeSize>50 CHAR</dataTypeSize>
<ownDataTypeParameters>50 CHAR,,</ownDataTypeParameters>
<autoIncrementCycle>false</autoIncrementCycle>
</Column>
<Column name="port_population" id="1BAFD898-342A-ED1F-48A0-274D30C732D6">
<createdBy>cileong</createdBy>
<createdTime>2022-04-27 18:29:00 UTC</createdTime>
<commentInRDBMS><![CDATA[The population count of the port]]></commentInRDBMS>
<generatorID>7308E08E-BF91-D134-F5FD-48FF48F12C3D</generatorID>
<ownerDesignName>wc_logical</ownerDesignName>
<useDomainConstraints>false</useDomainConstraints>
<use>1</use>
<logicalDatatype>LOGDT019</logicalDatatype>
<dataTypePrecision>9</dataTypePrecision>
<ownDataTypeParameters>,9,</ownDataTypeParameters>
<autoIncrementCycle>false</autoIncrementCycle>
</Column>
<Column name="port_longitude" id="B0246260-E9CE-FE50-7F97-B487DB21397A">
<createdBy>cileong</createdBy>
<createdTime>2022-04-27 18:29:00 UTC</createdTime>
<commentInRDBMS><![CDATA[The longitude location of the port]]></commentInRDBMS>
<generatorID>96C8ACA7-1FA8-D601-4D2D-5C7D45D39E91</generatorID>
<ownerDesignName>wc_logical</ownerDesignName>
<constraintName>CONSTRAINT PORT LONGITUDE</constraintName>
<useDomainConstraints>false</useDomainConstraints>
<use>1</use>
<logicalDatatype>LOGDT019</logicalDatatype>
<dataTypePrecision>10</dataTypePrecision>
<dataTypeScale>7</dataTypeScale>
<ownDataTypeParameters>,10,7</ownDataTypeParameters>
<autoIncrementCycle>false</autoIncrementCycle>
<listOfRanges>
<rangeDef class="oracle.dbtools.crest.model.design.constraint.AVT">
<beginValue>-180</beginValue>
<endValue>180</endValue>
</rangeDef>
</listOfRanges>
</Column>
<Column name="port_latitude" id="2E640458-CDF8-62DD-6438-595E45EF6ECE">
<createdBy>cileong</createdBy>
<createdTime>2022-04-27 18:29:00 UTC</createdTime>
<commentInRDBMS><![CDATA[The latitude location of the port]]></commentInRDBMS>
<generatorID>6DC6B553-A2F9-7165-4DA5-6DE4D39DA0E5</generatorID>
<ownerDesignName>wc_logical</ownerDesignName>
<constraintName>CONSTRAINT PORT LATITUDE</constraintName>
<useDomainConstraints>false</useDomainConstraints>
<use>1</use>
<logicalDatatype>LOGDT019</logicalDatatype>
<dataTypePrecision>9</dataTypePrecision>
<dataTypeScale>7</dataTypeScale>
<ownDataTypeParameters>,9,7</ownDataTypeParameters>
<autoIncrementCycle>false</autoIncrementCycle>
<listOfRanges>
<rangeDef class="oracle.dbtools.crest.model.design.constraint.AVT">
<beginValue>-90</beginValue>
<endValue>90</endValue>
</rangeDef>
</listOfRanges>
</Column>
</columns>
<indexes itemClass="oracle.dbtools.crest.model.design.relational.Index">
<ind_PK_UK id="D75BBDC8-5842-4C04-E8B7-1FE4AFD17CA8" name="PORT_PK">
<createdBy>cileong</createdBy>
<createdTime>2022-04-27 18:29:00 UTC</createdTime>
<generatorID>25F2FE31-690B-7487-E7EF-94C67A47DBEE</generatorID>
<ownerDesignName>wc_logical</ownerDesignName>
<pk>true</pk>
<indexState>Primary Constraint</indexState>
<isSurrogateKey>false</isSurrogateKey>
<indexColumnUsage>
<colUsage columnID="F6253292-3638-9CA2-A369-5B64D67B097D"/>
</indexColumnUsage>
</ind_PK_UK>
<ind_PK_UK id="0C87535F-0017-CE78-C5DC-90468F81B05F" name="country_port">
<createdBy>cileong</createdBy>
<createdTime>2022-04-27 18:29:00 UTC</createdTime>
<generatorID>F2B5B98C-89AE-4D8F-99AA-BB1910F12B55</generatorID>
<ownerDesignName>wc_logical</ownerDesignName>
<indexState>Foreign Key</indexState>
<isSurrogateKey>false</isSurrogateKey>
<indexColumnUsage>
<colUsage columnID="D97229AF-F6BB-06D6-05E9-E10C1F10C390"/>
</indexColumnUsage>
</ind_PK_UK>
</indexes>
</Table>
