<?xml version = '1.0' encoding = 'UTF-8'?>
<Table class="oracle.dbtools.crest.model.design.relational.Table" directorySegmentName="seg_0" id="C3F83B68-7799-2683-B1EE-B7A9692A0705" name="TOUR_LANGUAGE">
<createdBy>cileong</createdBy>
<createdTime>2022-04-27 18:29:00 UTC</createdTime>
<generatorID>2B38A0B3-86AC-863F-3B8B-B67936CDC872</generatorID>
<ownerDesignName>wc_logical</ownerDesignName>
<allowColumnReorder>false</allowColumnReorder>
<existDependencyGenerateInDDl>true</existDependencyGenerateInDDl>
<parsed>true</parsed>
<columns itemClass="oracle.dbtools.crest.model.design.relational.Column">
<Column name="tour_id" id="10C58469-0823-A547-2413-A3E5CD9C3D57">
<createdBy>cileong</createdBy>
<createdTime>2022-04-27 18:29:00 UTC</createdTime>
<commentInRDBMS><![CDATA[Tour's ID]]></commentInRDBMS>
<generatorID>83B5BE6B-7EF5-7279-41B4-DB2765027CB5</generatorID>
<ownerDesignName>wc_logical</ownerDesignName>
<useDomainConstraints>false</useDomainConstraints>
<use>1</use>
<logicalDatatype>LOGDT019</logicalDatatype>
<dataTypePrecision>6</dataTypePrecision>
<ownDataTypeParameters>,,</ownDataTypeParameters>
<previousColumn>false</previousColumn>
<autoIncrementCycle>false</autoIncrementCycle>
<associations>
<colAssociation fkAssociation="91000B0A-967E-AFED-906E-6E1B22718729" referredColumn="522E21A8-C904-5448-95CD-61375385E053"/>
</associations>
</Column>
<Column name="language_code" id="B59BEF9F-43A1-27E4-44E0-32F205CB8118">
<createdBy>cileong</createdBy>
<createdTime>2022-04-27 18:29:00 UTC</createdTime>
<commentInRDBMS><![CDATA[Language code stored in ISO 639-1 Alpha-2 format]]></commentInRDBMS>
<generatorID>CB101573-0D70-DF89-D6E7-2DF47D58859E</generatorID>
<ownerDesignName>wc_logical</ownerDesignName>
<useDomainConstraints>false</useDomainConstraints>
<use>1</use>
<logicalDatatype>LOGDT025</logicalDatatype>
<dataTypeSize>2 CHAR</dataTypeSize>
<ownDataTypeParameters>,,</ownDataTypeParameters>
<previousColumn>false</previousColumn>
<autoIncrementCycle>false</autoIncrementCycle>
<associations>
<colAssociation fkAssociation="015FF4FF-B10C-07C5-53C7-6C3C32BCFC4A" referredColumn="E230FF24-D319-1DAB-C700-544B60A50CA9"/>
</associations>
</Column>
</columns>
<indexes itemClass="oracle.dbtools.crest.model.design.relational.Index">
<ind_PK_UK id="DE210FBB-5A3B-0F30-0B53-F8EDBC56B43C" name="TOUR_LANGUAGE_PK">
<createdBy>cileong</createdBy>
<createdTime>2022-04-27 18:29:00 UTC</createdTime>
<generatorID>0C8F9104-66F7-89CF-F6DA-9415EDD362AC</generatorID>
<ownerDesignName>wc_logical</ownerDesignName>
<pk>true</pk>
<indexState>Primary Constraint</indexState>
<isSurrogateKey>false</isSurrogateKey>
<indexColumnUsage>
<colUsage columnID="B59BEF9F-43A1-27E4-44E0-32F205CB8118"/>
<colUsage columnID="10C58469-0823-A547-2413-A3E5CD9C3D57"/>
</indexColumnUsage>
</ind_PK_UK>
<ind_PK_UK id="1CE55D5E-1542-2888-C7A4-ADFB3D881AA6" name="language_tl">
<createdBy>cileong</createdBy>
<createdTime>2022-04-27 18:29:00 UTC</createdTime>
<generatorID>B114D0B1-FB11-54E2-C448-BACE05366A14</generatorID>
<ownerDesignName>wc_logical</ownerDesignName>
<indexState>Foreign Key</indexState>
<isSurrogateKey>false</isSurrogateKey>
<indexColumnUsage>
<colUsage columnID="B59BEF9F-43A1-27E4-44E0-32F205CB8118"/>
</indexColumnUsage>
</ind_PK_UK>
<ind_PK_UK id="5A7BDD66-E142-74EE-21D0-6BF3E5EE2A4F" name="tour_tl">
<createdBy>cileong</createdBy>
<createdTime>2022-04-27 18:29:00 UTC</createdTime>
<generatorID>53BC64BD-FA3F-A4D0-EB35-43733D237309</generatorID>
<ownerDesignName>wc_logical</ownerDesignName>
<indexState>Foreign Key</indexState>
<isSurrogateKey>false</isSurrogateKey>
<indexColumnUsage>
<colUsage columnID="10C58469-0823-A547-2413-A3E5CD9C3D57"/>
</indexColumnUsage>
</ind_PK_UK>
</indexes>
</Table>
