<?xml version = '1.0' encoding = 'UTF-8'?>
<Table class="oracle.dbtools.crest.model.design.relational.Table" directorySegmentName="seg_0" id="C8A4BEA5-9B26-3F40-40C1-B53B9973D595" name="TOUR_REPORT_ENTRY">
<createdBy>cileong</createdBy>
<createdTime>2022-04-27 18:29:00 UTC</createdTime>
<generatorID>62C48E95-E701-6EFF-0E8C-ED6CE289ED37</generatorID>
<ownerDesignName>wc_logical</ownerDesignName>
<allowColumnReorder>false</allowColumnReorder>
<existDependencyGenerateInDDl>true</existDependencyGenerateInDDl>
<parsed>true</parsed>
<columns itemClass="oracle.dbtools.crest.model.design.relational.Column">
<Column name="tour_id" id="5C3C65A8-6A5C-C810-23B5-3900DC05C80F">
<createdBy>cileong</createdBy>
<createdTime>2022-04-27 18:29:00 UTC</createdTime>
<commentInRDBMS><![CDATA[Tour's ID]]></commentInRDBMS>
<generatorID>30E1D528-9BB6-3C45-31FD-DBC66CF9B09E</generatorID>
<ownerDesignName>wc_logical</ownerDesignName>
<useDomainConstraints>false</useDomainConstraints>
<use>1</use>
<logicalDatatype>LOGDT019</logicalDatatype>
<dataTypePrecision>6</dataTypePrecision>
<ownDataTypeParameters>,,</ownDataTypeParameters>
<previousColumn>false</previousColumn>
<autoIncrementCycle>false</autoIncrementCycle>
<associations>
<colAssociation fkAssociation="6BA6AFC8-CEEB-FBB7-5247-699A16F2E85F" referredColumn="A2D11D7E-FDF1-AEE4-2B33-A405A0FEE29E"/>
</associations>
</Column>
<Column name="tour_date" id="E1436E4F-A986-A143-619A-EAAAEBC28A83">
<createdBy>cileong</createdBy>
<createdTime>2022-04-27 18:29:00 UTC</createdTime>
<commentInRDBMS><![CDATA[The date of the tour]]></commentInRDBMS>
<generatorID>8A3A9D00-C778-4FC8-4BD3-AEDACA18806B</generatorID>
<ownerDesignName>wc_logical</ownerDesignName>
<useDomainConstraints>false</useDomainConstraints>
<use>1</use>
<logicalDatatype>LOGDT007</logicalDatatype>
<ownDataTypeParameters>,,</ownDataTypeParameters>
<previousColumn>false</previousColumn>
<autoIncrementCycle>false</autoIncrementCycle>
<associations>
<colAssociation fkAssociation="6BA6AFC8-CEEB-FBB7-5247-699A16F2E85F" referredColumn="2AAEC344-CAA4-FA9B-45EF-9696AF1C45D3"/>
</associations>
</Column>
<Column name="passenger_id" id="1414EA29-5722-4241-AD3F-6FC09780EDF4">
<createdBy>cileong</createdBy>
<createdTime>2022-04-27 18:29:00 UTC</createdTime>
<commentInRDBMS><![CDATA[Passenger ID]]></commentInRDBMS>
<generatorID>920D725E-C19D-423E-4E92-D0C343EE6D23</generatorID>
<ownerDesignName>wc_logical</ownerDesignName>
<useDomainConstraints>false</useDomainConstraints>
<use>1</use>
<logicalDatatype>LOGDT019</logicalDatatype>
<dataTypePrecision>5</dataTypePrecision>
<ownDataTypeParameters>,,</ownDataTypeParameters>
<previousColumn>false</previousColumn>
<autoIncrementCycle>false</autoIncrementCycle>
<associations>
<colAssociation fkAssociation="FDF2FC6F-5387-493E-5BA7-DB6CBF2DFEB3" referredColumn="80ADD87E-4028-0632-6E87-1D6308076E44"/>
</associations>
</Column>
<Column name="cruise_id" id="5BB53685-76DB-8FDC-E25A-FF326BB74C48">
<createdBy>cileong</createdBy>
<createdTime>2022-04-27 18:29:00 UTC</createdTime>
<commentInRDBMS><![CDATA[The ID that uniquely identifies the cruise]]></commentInRDBMS>
<generatorID>B0993E67-BE09-E1BA-4A4B-019EAC9FAF4D</generatorID>
<ownerDesignName>wc_logical</ownerDesignName>
<useDomainConstraints>false</useDomainConstraints>
<use>1</use>
<logicalDatatype>LOGDT019</logicalDatatype>
<dataTypePrecision>4</dataTypePrecision>
<ownDataTypeParameters>,,</ownDataTypeParameters>
<previousColumn>false</previousColumn>
<autoIncrementCycle>false</autoIncrementCycle>
<associations>
<colAssociation fkAssociation="30BDE2D1-6B4D-0C68-6CF8-F460F65A5937" referredColumn="1FCEAE3E-378F-E0DF-F273-1D321B5DE946"/>
</associations>
</Column>
<Column name="pay_received" id="068DCCF8-FAB9-A362-5D7C-B8C9989C69E0">
<createdBy>cileong</createdBy>
<createdTime>2022-04-27 18:29:00 UTC</createdTime>
<commentInRDBMS><![CDATA[Indicates whether the payment has been received]]></commentInRDBMS>
<generatorID>2EEFAB5F-0631-420B-060F-D68A6AE006BB</generatorID>
<ownerDesignName>wc_logical</ownerDesignName>
<constraintName>CONSTRAINT PAY RECEIVED</constraintName>
<useDomainConstraints>false</useDomainConstraints>
<use>1</use>
<logicalDatatype>LOGDT025</logicalDatatype>
<dataTypeSize>1 CHAR</dataTypeSize>
<listOfValues>
<valueDef value="N" description="No"/>
<valueDef value="Y" description="Yes"/>
</listOfValues>
<ownDataTypeParameters>1 CHAR,,</ownDataTypeParameters>
<autoIncrementCycle>false</autoIncrementCycle>
</Column>
</columns>
<indexes itemClass="oracle.dbtools.crest.model.design.relational.Index">
<ind_PK_UK id="216EFF51-C340-B2B8-34BD-92A0671E918F" name="TOUR_REPORT_ENTRY_PK">
<createdBy>cileong</createdBy>
<createdTime>2022-04-27 18:29:00 UTC</createdTime>
<generatorID>3B576205-34EE-8C64-1F94-4986ECE8798E</generatorID>
<ownerDesignName>wc_logical</ownerDesignName>
<pk>true</pk>
<indexState>Primary Constraint</indexState>
<isSurrogateKey>false</isSurrogateKey>
<indexColumnUsage>
<colUsage columnID="E1436E4F-A986-A143-619A-EAAAEBC28A83"/>
<colUsage columnID="5C3C65A8-6A5C-C810-23B5-3900DC05C80F"/>
<colUsage columnID="1414EA29-5722-4241-AD3F-6FC09780EDF4"/>
</indexColumnUsage>
</ind_PK_UK>
<ind_PK_UK id="CB8999DC-C2D1-3CBF-5F7D-702EF989BEB7" name="cruise_tre">
<createdBy>cileong</createdBy>
<createdTime>2022-04-27 18:29:00 UTC</createdTime>
<generatorID>F87B2CAF-2E93-6D9C-37CB-B93B0C776848</generatorID>
<ownerDesignName>wc_logical</ownerDesignName>
<indexState>Foreign Key</indexState>
<isSurrogateKey>false</isSurrogateKey>
<indexColumnUsage>
<colUsage columnID="5BB53685-76DB-8FDC-E25A-FF326BB74C48"/>
</indexColumnUsage>
</ind_PK_UK>
<ind_PK_UK id="2D0ABE8A-44D0-8441-D761-087F1D2820A9" name="passenger_tre">
<createdBy>cileong</createdBy>
<createdTime>2022-04-27 18:29:00 UTC</createdTime>
<generatorID>2E35B628-9ED5-11BC-1AE0-E5ED670A8362</generatorID>
<ownerDesignName>wc_logical</ownerDesignName>
<indexState>Foreign Key</indexState>
<isSurrogateKey>false</isSurrogateKey>
<indexColumnUsage>
<colUsage columnID="1414EA29-5722-4241-AD3F-6FC09780EDF4"/>
</indexColumnUsage>
</ind_PK_UK>
<ind_PK_UK id="A40CBEBC-3BA9-A831-6E4C-710D54A3D01A" name="tr_tre">
<createdBy>cileong</createdBy>
<createdTime>2022-04-27 18:29:00 UTC</createdTime>
<generatorID>FB31322E-2044-3BB1-FA59-474526A88CA8</generatorID>
<ownerDesignName>wc_logical</ownerDesignName>
<indexState>Foreign Key</indexState>
<isSurrogateKey>false</isSurrogateKey>
<indexColumnUsage>
<colUsage columnID="E1436E4F-A986-A143-619A-EAAAEBC28A83"/>
<colUsage columnID="5C3C65A8-6A5C-C810-23B5-3900DC05C80F"/>
</indexColumnUsage>
</ind_PK_UK>
</indexes>
</Table>
