<?xml version = '1.0' encoding = 'UTF-8'?>
<Table class="oracle.dbtools.crest.model.design.relational.Table" directorySegmentName="seg_0" id="DE54EE6C-5BF3-649E-6E64-A05DEA9FBB92" name="CRUISE_PORT">
<createdBy>cileong</createdBy>
<createdTime>2022-04-27 18:29:00 UTC</createdTime>
<generatorID>31615807-721D-277F-D09F-58F8A3B6B1E1</generatorID>
<ownerDesignName>wc_logical</ownerDesignName>
<allowColumnReorder>false</allowColumnReorder>
<existDependencyGenerateInDDl>true</existDependencyGenerateInDDl>
<parsed>true</parsed>
<columns itemClass="oracle.dbtools.crest.model.design.relational.Column">
<Column name="cruise_id" id="CB6AB39D-C2D7-AAEA-F1E2-A375790CD879">
<createdBy>cileong</createdBy>
<createdTime>2022-04-27 18:29:00 UTC</createdTime>
<commentInRDBMS><![CDATA[The ID that uniquely identifies the cruise]]></commentInRDBMS>
<generatorID>EF844F7D-7922-A823-4BD1-6B98409863AE</generatorID>
<ownerDesignName>wc_logical</ownerDesignName>
<useDomainConstraints>false</useDomainConstraints>
<use>1</use>
<logicalDatatype>LOGDT019</logicalDatatype>
<dataTypePrecision>4</dataTypePrecision>
<ownDataTypeParameters>,,</ownDataTypeParameters>
<previousColumn>false</previousColumn>
<autoIncrementCycle>false</autoIncrementCycle>
<associations>
<colAssociation fkAssociation="6D4B04BD-9678-9398-69A2-2C6C96AF2B8D" referredColumn="1FCEAE3E-378F-E0DF-F273-1D321B5DE946"/>
</associations>
</Column>
<Column name="port_code" id="B40FBB58-D0B8-7987-8635-D7BC9E147E6A">
<createdBy>cileong</createdBy>
<createdTime>2022-04-27 18:29:00 UTC</createdTime>
<commentInRDBMS><![CDATA[The code that uniquely identifies the port]]></commentInRDBMS>
<generatorID>67C58DFF-C160-8F02-A39C-9C071BF17B3C</generatorID>
<ownerDesignName>wc_logical</ownerDesignName>
<useDomainConstraints>false</useDomainConstraints>
<use>1</use>
<logicalDatatype>LOGDT025</logicalDatatype>
<dataTypeSize>5 CHAR</dataTypeSize>
<ownDataTypeParameters>,,</ownDataTypeParameters>
<previousColumn>false</previousColumn>
<autoIncrementCycle>false</autoIncrementCycle>
<associations>
<colAssociation fkAssociation="1A6E5F9C-5835-4567-A49C-464641B6AF47" referredColumn="F6253292-3638-9CA2-A369-5B64D67B097D"/>
</associations>
</Column>
<Column name="cp_datetime" id="C6097E96-B9EC-D89C-501E-4FBB3320230D">
<createdBy>cileong</createdBy>
<createdTime>2022-04-27 18:29:00 UTC</createdTime>
<commentInRDBMS><![CDATA[The arrival and departure datetime]]></commentInRDBMS>
<generatorID>EE4842E4-333E-4D8C-EF30-66B7F750DB55</generatorID>
<ownerDesignName>wc_logical</ownerDesignName>
<useDomainConstraints>false</useDomainConstraints>
<use>1</use>
<logicalDatatype>LOGDT007</logicalDatatype>
<ownDataTypeParameters>,,</ownDataTypeParameters>
<autoIncrementCycle>false</autoIncrementCycle>
</Column>
</columns>
<indexes itemClass="oracle.dbtools.crest.model.design.relational.Index">
<ind_PK_UK id="E663DF45-8733-E3D7-B1EE-C8FC32536111" name="CRUISE_PORT_PK">
<createdBy>cileong</createdBy>
<createdTime>2022-04-27 18:29:00 UTC</createdTime>
<generatorID>44916A5F-DDE7-B236-7837-0EA458470E38</generatorID>
<ownerDesignName>wc_logical</ownerDesignName>
<pk>true</pk>
<indexState>Primary Constraint</indexState>
<isSurrogateKey>false</isSurrogateKey>
<indexColumnUsage>
<colUsage columnID="CB6AB39D-C2D7-AAEA-F1E2-A375790CD879"/>
<colUsage columnID="C6097E96-B9EC-D89C-501E-4FBB3320230D"/>
<colUsage columnID="B40FBB58-D0B8-7987-8635-D7BC9E147E6A"/>
</indexColumnUsage>
</ind_PK_UK>
<ind_PK_UK id="A041F627-7C5C-72BF-1958-C1E5D574FF04" name="cruise_cp">
<createdBy>cileong</createdBy>
<createdTime>2022-04-27 18:29:00 UTC</createdTime>
<generatorID>4102E874-6E6B-22FE-5076-931A35DF25C9</generatorID>
<ownerDesignName>wc_logical</ownerDesignName>
<indexState>Foreign Key</indexState>
<isSurrogateKey>false</isSurrogateKey>
<indexColumnUsage>
<colUsage columnID="CB6AB39D-C2D7-AAEA-F1E2-A375790CD879"/>
</indexColumnUsage>
</ind_PK_UK>
<ind_PK_UK id="37C5CF31-E946-4126-92FD-710FAEF096E6" name="port_cp">
<createdBy>cileong</createdBy>
<createdTime>2022-04-27 18:29:00 UTC</createdTime>
<generatorID>945CF9FD-979D-F76D-E561-4AA20922A03B</generatorID>
<ownerDesignName>wc_logical</ownerDesignName>
<indexState>Foreign Key</indexState>
<isSurrogateKey>false</isSurrogateKey>
<indexColumnUsage>
<colUsage columnID="B40FBB58-D0B8-7987-8635-D7BC9E147E6A"/>
</indexColumnUsage>
</ind_PK_UK>
</indexes>
</Table>
