<?xml version = '1.0' encoding = 'UTF-8'?>
<Table class="oracle.dbtools.crest.model.design.relational.Table" directorySegmentName="seg_0" id="E19D4184-D3BA-10EA-114D-6D8EE9F460AC" name="PASSENGER">
<createdBy>cileong</createdBy>
<createdTime>2022-04-27 18:29:00 UTC</createdTime>
<generatorID>FBD6C99E-D779-E65B-C4F4-8A2C6F850B8E</generatorID>
<ownerDesignName>wc_logical</ownerDesignName>
<allowColumnReorder>false</allowColumnReorder>
<existDependencyGenerateInDDl>true</existDependencyGenerateInDDl>
<parsed>true</parsed>
<columns itemClass="oracle.dbtools.crest.model.design.relational.Column">
<Column name="passenger_id" id="80ADD87E-4028-0632-6E87-1D6308076E44">
<createdBy>cileong</createdBy>
<createdTime>2022-04-27 18:29:00 UTC</createdTime>
<commentInRDBMS><![CDATA[Passenger ID]]></commentInRDBMS>
<generatorID>27102B4A-83BE-EBC4-6371-90050E010E75</generatorID>
<ownerDesignName>wc_logical</ownerDesignName>
<useDomainConstraints>false</useDomainConstraints>
<use>1</use>
<logicalDatatype>LOGDT019</logicalDatatype>
<dataTypePrecision>5</dataTypePrecision>
<ownDataTypeParameters>,5,</ownDataTypeParameters>
<autoIncrementCycle>false</autoIncrementCycle>
</Column>
<Column name="passenger_fname" id="3686D613-C694-BC50-8E49-6AE0903047ED">
<createdBy>cileong</createdBy>
<createdTime>2022-04-27 18:29:00 UTC</createdTime>
<commentInRDBMS><![CDATA[Passenger's first name]]></commentInRDBMS>
<generatorID>73B5FE2C-1B6A-A2E7-C50F-0C8BC53725B7</generatorID>
<ownerDesignName>wc_logical</ownerDesignName>
<nullsAllowed>true</nullsAllowed>
<useDomainConstraints>false</useDomainConstraints>
<use>1</use>
<logicalDatatype>LOGDT024</logicalDatatype>
<dataTypeSize>50 CHAR</dataTypeSize>
<ownDataTypeParameters>50 CHAR,,</ownDataTypeParameters>
<autoIncrementCycle>false</autoIncrementCycle>
</Column>
<Column name="passenger_lname" id="F0A966B1-5B15-E6B4-D3A8-89CA74738A7C">
<createdBy>cileong</createdBy>
<createdTime>2022-04-27 18:29:00 UTC</createdTime>
<commentInRDBMS><![CDATA[Passenger's last name]]></commentInRDBMS>
<generatorID>70F52C1E-C0E1-B1E9-ED9A-6C7DB3E3749C</generatorID>
<ownerDesignName>wc_logical</ownerDesignName>
<nullsAllowed>true</nullsAllowed>
<useDomainConstraints>false</useDomainConstraints>
<use>1</use>
<logicalDatatype>LOGDT024</logicalDatatype>
<dataTypeSize>50 CHAR</dataTypeSize>
<ownDataTypeParameters>50 CHAR,,</ownDataTypeParameters>
<autoIncrementCycle>false</autoIncrementCycle>
</Column>
<Column name="passenger_gender" id="6F45F803-895B-A84C-BCD2-E0A396A525AB">
<createdBy>cileong</createdBy>
<createdTime>2022-04-27 18:29:00 UTC</createdTime>
<commentInRDBMS><![CDATA[Passenger's gender]]></commentInRDBMS>
<generatorID>1088969A-E93A-8499-444B-9C41BA441A4D</generatorID>
<ownerDesignName>wc_logical</ownerDesignName>
<constraintName>CONSTRAINT PASSENGER GENDER</constraintName>
<useDomainConstraints>false</useDomainConstraints>
<use>1</use>
<logicalDatatype>LOGDT025</logicalDatatype>
<dataTypeSize>1 CHAR</dataTypeSize>
<listOfValues>
<valueDef value="F" description="Female"/>
<valueDef value="M" description="Male"/>
<valueDef value="O" description="Other"/>
</listOfValues>
<ownDataTypeParameters>1 CHAR,,</ownDataTypeParameters>
<autoIncrementCycle>false</autoIncrementCycle>
</Column>
<Column name="passenger_dob" id="95648C30-8D67-7162-74B6-F67FD1F74B7E">
<createdBy>cileong</createdBy>
<createdTime>2022-04-27 18:29:00 UTC</createdTime>
<commentInRDBMS><![CDATA[Passenger's date of birth]]></commentInRDBMS>
<generatorID>0C3E0FBB-8EB1-34A2-1120-C0C27FF65BD5</generatorID>
<ownerDesignName>wc_logical</ownerDesignName>
<useDomainConstraints>false</useDomainConstraints>
<use>1</use>
<logicalDatatype>LOGDT007</logicalDatatype>
<ownDataTypeParameters>,,</ownDataTypeParameters>
<autoIncrementCycle>false</autoIncrementCycle>
</Column>
<Column name="passenger_phone_no" id="B975314B-2D91-E7AA-2D4C-D8A98C3799A3">
<createdBy>cileong</createdBy>
<createdTime>2022-04-27 18:29:00 UTC</createdTime>
<commentInRDBMS><![CDATA[Passenger's phone number]]></commentInRDBMS>
<generatorID>84851746-804B-1E20-B0D9-9BCA1E98055A</generatorID>
<ownerDesignName>wc_logical</ownerDesignName>
<nullsAllowed>true</nullsAllowed>
<useDomainConstraints>false</useDomainConstraints>
<use>1</use>
<logicalDatatype>LOGDT024</logicalDatatype>
<dataTypeSize>15 CHAR</dataTypeSize>
<ownDataTypeParameters>15 CHAR,,</ownDataTypeParameters>
<autoIncrementCycle>false</autoIncrementCycle>
</Column>
<Column name="guardian_id" id="BCD068A8-BDBA-CE39-D709-E6F660A56028">
<createdBy>cileong</createdBy>
<createdTime>2022-04-27 18:29:00 UTC</createdTime>
<commentInRDBMS><![CDATA[Passenger ID]]></commentInRDBMS>
<generatorID>DFDAD99F-47B8-4AA7-CD4A-7500C736304F</generatorID>
<ownerDesignName>wc_logical</ownerDesignName>
<nullsAllowed>true</nullsAllowed>
<useDomainConstraints>false</useDomainConstraints>
<use>1</use>
<logicalDatatype>LOGDT019</logicalDatatype>
<dataTypePrecision>5</dataTypePrecision>
<ownDataTypeParameters>,,</ownDataTypeParameters>
<previousColumn>false</previousColumn>
<autoIncrementCycle>false</autoIncrementCycle>
<associations>
<colAssociation fkAssociation="4F5E442A-2B5B-D824-712F-0D6F7408DEB7" referredColumn="80ADD87E-4028-0632-6E87-1D6308076E44"/>
</associations>
</Column>
<Column name="pa_id" id="44D76D85-B08B-5471-0799-1F1E3C1F76CA">
<createdBy>cileong</createdBy>
<createdTime>2022-04-27 18:29:00 UTC</createdTime>
<commentInRDBMS><![CDATA[Address ID]]></commentInRDBMS>
<generatorID>1C8EA547-D034-E291-9286-7D7B9CD1455B</generatorID>
<ownerDesignName>wc_logical</ownerDesignName>
<useDomainConstraints>false</useDomainConstraints>
<use>1</use>
<logicalDatatype>LOGDT019</logicalDatatype>
<dataTypePrecision>5</dataTypePrecision>
<ownDataTypeParameters>,,</ownDataTypeParameters>
<previousColumn>false</previousColumn>
<autoIncrementCycle>false</autoIncrementCycle>
<associations>
<colAssociation fkAssociation="86CF2190-7475-87CE-FDE6-E8E33BAC043E" referredColumn="ACB85296-6D4E-9270-85E0-F1222E163200"/>
</associations>
</Column>
<Column name="passenger_lang" id="754064DE-9C88-BFA6-5AB4-689D4B8B2D40">
<createdBy>cileong</createdBy>
<createdTime>2022-04-27 18:29:00 UTC</createdTime>
<commentInRDBMS><![CDATA[Language code stored in ISO 639-1 Alpha-2 format]]></commentInRDBMS>
<generatorID>87EAA86C-E333-0D19-8E44-D46E4D9DC085</generatorID>
<ownerDesignName>wc_logical</ownerDesignName>
<useDomainConstraints>false</useDomainConstraints>
<use>1</use>
<logicalDatatype>LOGDT025</logicalDatatype>
<dataTypeSize>2 CHAR</dataTypeSize>
<ownDataTypeParameters>,,</ownDataTypeParameters>
<previousColumn>false</previousColumn>
<autoIncrementCycle>false</autoIncrementCycle>
<associations>
<colAssociation fkAssociation="37D216AA-09B4-9459-2309-E27DE6500E2B" referredColumn="E230FF24-D319-1DAB-C700-544B60A50CA9"/>
</associations>
</Column>
</columns>
<indexes itemClass="oracle.dbtools.crest.model.design.relational.Index">
<ind_PK_UK id="F3482404-550F-1285-D576-3F3AC9BEA2F9" name="PASSENGER_PK">
<createdBy>cileong</createdBy>
<createdTime>2022-04-27 18:29:00 UTC</createdTime>
<generatorID>AC55CF2F-C1E5-1D63-4A44-E2220705B51A</generatorID>
<ownerDesignName>wc_logical</ownerDesignName>
<pk>true</pk>
<indexState>Primary Constraint</indexState>
<isSurrogateKey>false</isSurrogateKey>
<indexColumnUsage>
<colUsage columnID="80ADD87E-4028-0632-6E87-1D6308076E44"/>
</indexColumnUsage>
</ind_PK_UK>
<ind_PK_UK id="C0B2FC76-596A-76F5-18BE-B961D4466961" name="address_passenger">
<createdBy>cileong</createdBy>
<createdTime>2022-04-27 18:29:00 UTC</createdTime>
<generatorID>4B0385BC-ACE0-F96A-B12C-D06B0471DEE8</generatorID>
<ownerDesignName>wc_logical</ownerDesignName>
<indexState>Foreign Key</indexState>
<isSurrogateKey>false</isSurrogateKey>
<indexColumnUsage>
<colUsage columnID="44D76D85-B08B-5471-0799-1F1E3C1F76CA"/>
</indexColumnUsage>
</ind_PK_UK>
<ind_PK_UK id="6D710187-0672-789A-94D1-59AF719DB715" name="guardian_passenger">
<createdBy>cileong</createdBy>
<createdTime>2022-04-27 18:29:00 UTC</createdTime>
<generatorID>C0F857B1-BEB6-1AA1-2F83-1C6112643F93</generatorID>
<ownerDesignName>wc_logical</ownerDesignName>
<indexState>Foreign Key</indexState>
<isSurrogateKey>false</isSurrogateKey>
<indexColumnUsage>
<colUsage columnID="BCD068A8-BDBA-CE39-D709-E6F660A56028"/>
</indexColumnUsage>
</ind_PK_UK>
<ind_PK_UK id="7170BC23-83EC-8D44-9CDF-1B3372ED1984" name="language_passenger">
<createdBy>cileong</createdBy>
<createdTime>2022-04-27 18:29:00 UTC</createdTime>
<generatorID>091B4154-43E4-7A0B-247A-6B1D8A2FF149</generatorID>
<ownerDesignName>wc_logical</ownerDesignName>
<indexState>Foreign Key</indexState>
<isSurrogateKey>false</isSurrogateKey>
<indexColumnUsage>
<colUsage columnID="754064DE-9C88-BFA6-5AB4-689D4B8B2D40"/>
</indexColumnUsage>
</ind_PK_UK>
</indexes>
</Table>
