<?xml version = '1.0' encoding = 'UTF-8'?>
<Table class="oracle.dbtools.crest.model.design.relational.Table" directorySegmentName="seg_0" id="F79C82F0-D97A-B35D-D5B4-65CE95E848B8" name="CRUISE">
<createdBy>cileong</createdBy>
<createdTime>2022-04-27 18:29:00 UTC</createdTime>
<generatorID>7BC19E96-2657-884D-1D4A-75AB429AB5B7</generatorID>
<ownerDesignName>wc_logical</ownerDesignName>
<allowColumnReorder>false</allowColumnReorder>
<existDependencyGenerateInDDl>true</existDependencyGenerateInDDl>
<parsed>true</parsed>
<columns itemClass="oracle.dbtools.crest.model.design.relational.Column">
<Column name="cruise_id" id="1FCEAE3E-378F-E0DF-F273-1D321B5DE946">
<createdBy>cileong</createdBy>
<createdTime>2022-04-27 18:29:00 UTC</createdTime>
<commentInRDBMS><![CDATA[The ID that uniquely identifies the cruise]]></commentInRDBMS>
<generatorID>8B0581A4-CC1A-C02A-E62F-E42EE8501C3C</generatorID>
<ownerDesignName>wc_logical</ownerDesignName>
<useDomainConstraints>false</useDomainConstraints>
<use>1</use>
<logicalDatatype>LOGDT019</logicalDatatype>
<dataTypePrecision>4</dataTypePrecision>
<ownDataTypeParameters>,4,</ownDataTypeParameters>
<autoIncrementCycle>false</autoIncrementCycle>
</Column>
<Column name="cruise_name" id="DF6840DA-5ED5-A759-42A6-B7EF340238B8">
<createdBy>cileong</createdBy>
<createdTime>2022-04-27 18:29:00 UTC</createdTime>
<commentInRDBMS><![CDATA[The name of the cruise]]></commentInRDBMS>
<generatorID>CA7AB602-46E1-D2C5-72D7-7CA16AD0C126</generatorID>
<ownerDesignName>wc_logical</ownerDesignName>
<useDomainConstraints>false</useDomainConstraints>
<use>1</use>
<logicalDatatype>LOGDT024</logicalDatatype>
<dataTypeSize>50 CHAR</dataTypeSize>
<ownDataTypeParameters>50 CHAR,,</ownDataTypeParameters>
<autoIncrementCycle>false</autoIncrementCycle>
</Column>
<Column name="ship_code" id="F971D46D-755A-DC79-D76D-91B24D48E346">
<createdBy>cileong</createdBy>
<createdTime>2022-04-27 18:29:00 UTC</createdTime>
<commentInRDBMS><![CDATA[Ship's code]]></commentInRDBMS>
<generatorID>601C78C6-672C-7101-73F7-655B75B1D7FD</generatorID>
<ownerDesignName>wc_logical</ownerDesignName>
<useDomainConstraints>false</useDomainConstraints>
<use>1</use>
<logicalDatatype>LOGDT019</logicalDatatype>
<dataTypePrecision>5</dataTypePrecision>
<ownDataTypeParameters>,,</ownDataTypeParameters>
<previousColumn>false</previousColumn>
<autoIncrementCycle>false</autoIncrementCycle>
<associations>
<colAssociation fkAssociation="C03F7BE7-4EEB-5F42-6E72-39BC6C3A0517" referredColumn="20F2B261-E2B5-4486-0D72-E12088F7E532"/>
</associations>
</Column>
<Column name="cruise_desc" id="800DA09D-33AA-B97E-85F2-91B6EA7D760D">
<createdBy>cileong</createdBy>
<createdTime>2022-04-27 18:29:00 UTC</createdTime>
<commentInRDBMS><![CDATA[A brief description of the cruise]]></commentInRDBMS>
<generatorID>454DC3C0-34B0-722C-013E-81D0D304FCF9</generatorID>
<ownerDesignName>wc_logical</ownerDesignName>
<useDomainConstraints>false</useDomainConstraints>
<use>1</use>
<logicalDatatype>LOGDT024</logicalDatatype>
<dataTypeSize>99 CHAR</dataTypeSize>
<ownDataTypeParameters>99 CHAR,,</ownDataTypeParameters>
<autoIncrementCycle>false</autoIncrementCycle>
</Column>
</columns>
<indexes itemClass="oracle.dbtools.crest.model.design.relational.Index">
<ind_PK_UK id="87BE69FB-349E-2474-40BA-F36BE6C05908" name="CRUISE_PK">
<createdBy>cileong</createdBy>
<createdTime>2022-04-27 18:29:00 UTC</createdTime>
<generatorID>2DDBB8FA-02F4-71A9-3EF5-089E654DB2A2</generatorID>
<ownerDesignName>wc_logical</ownerDesignName>
<pk>true</pk>
<indexState>Primary Constraint</indexState>
<isSurrogateKey>false</isSurrogateKey>
<indexColumnUsage>
<colUsage columnID="1FCEAE3E-378F-E0DF-F273-1D321B5DE946"/>
</indexColumnUsage>
</ind_PK_UK>
<ind_PK_UK id="5A9EA48B-EB5E-4914-ECA8-C753B0D22165" name="ship_cruise">
<createdBy>cileong</createdBy>
<createdTime>2022-04-27 18:29:00 UTC</createdTime>
<generatorID>A5FF57A5-073B-FF27-E183-19A2A4B655C6</generatorID>
<ownerDesignName>wc_logical</ownerDesignName>
<indexState>Foreign Key</indexState>
<isSurrogateKey>false</isSurrogateKey>
<indexColumnUsage>
<colUsage columnID="F971D46D-755A-DC79-D76D-91B24D48E346"/>
</indexColumnUsage>
</ind_PK_UK>
</indexes>
</Table>
