<?xml version = '1.0' encoding = 'UTF-8'?>
<Table class="oracle.dbtools.crest.model.design.relational.Table" directorySegmentName="seg_0" id="FE343275-F938-96D5-F5E7-BA065E57C18B" name="PORT_TEMP">
<createdBy>cileong</createdBy>
<createdTime>2022-04-27 18:29:00 UTC</createdTime>
<generatorID>CB6DB628-F7B8-2AFE-C7EE-6D6EF340F0BD</generatorID>
<ownerDesignName>wc_logical</ownerDesignName>
<allowColumnReorder>false</allowColumnReorder>
<existDependencyGenerateInDDl>true</existDependencyGenerateInDDl>
<parsed>true</parsed>
<columns itemClass="oracle.dbtools.crest.model.design.relational.Column">
<Column name="port_code" id="D21A9BAA-1051-77FD-99F6-151B5AD000F7">
<createdBy>cileong</createdBy>
<createdTime>2022-04-27 18:29:00 UTC</createdTime>
<commentInRDBMS><![CDATA[The code that uniquely identifies the port]]></commentInRDBMS>
<generatorID>CA6C5DBA-B346-E2DD-58D5-3E9BC5C4B345</generatorID>
<ownerDesignName>wc_logical</ownerDesignName>
<useDomainConstraints>false</useDomainConstraints>
<use>1</use>
<logicalDatatype>LOGDT025</logicalDatatype>
<dataTypeSize>5 CHAR</dataTypeSize>
<ownDataTypeParameters>,,</ownDataTypeParameters>
<previousColumn>false</previousColumn>
<autoIncrementCycle>false</autoIncrementCycle>
<associations>
<colAssociation fkAssociation="97228498-CCC8-04CD-AB49-D923B73B3E22" referredColumn="F6253292-3638-9CA2-A369-5B64D67B097D"/>
</associations>
</Column>
<Column name="pt_month" id="F119B863-B012-DB76-A0C4-0A33C4C387AE">
<createdBy>cileong</createdBy>
<createdTime>2022-04-27 18:29:00 UTC</createdTime>
<commentInRDBMS><![CDATA[The recorded month]]></commentInRDBMS>
<generatorID>35E3BC14-51F4-4939-E644-BCE28B392512</generatorID>
<ownerDesignName>wc_logical</ownerDesignName>
<constraintName>CONSTRAINT PT_MONTH</constraintName>
<useDomainConstraints>false</useDomainConstraints>
<use>1</use>
<logicalDatatype>LOGDT025</logicalDatatype>
<dataTypeSize>3 CHAR</dataTypeSize>
<listOfValues>
<valueDef value="Apr" description="April"/>
<valueDef value="Aug" description="August"/>
<valueDef value="Dec" description="December"/>
<valueDef value="Feb" description="February"/>
<valueDef value="Jan" description="January"/>
<valueDef value="Jul" description="July"/>
<valueDef value="Jun" description="June"/>
<valueDef value="Mar" description="March"/>
<valueDef value="May" description="May"/>
<valueDef value="Nov" description="November"/>
<valueDef value="Oct" description="October"/>
<valueDef value="Sep" description="September"/>
</listOfValues>
<ownDataTypeParameters>3 CHAR,,</ownDataTypeParameters>
<autoIncrementCycle>false</autoIncrementCycle>
</Column>
<Column name="pt_avg_high" id="925024A1-11EA-9E70-AD4C-4BD977C00B1F">
<createdBy>cileong</createdBy>
<createdTime>2022-04-27 18:29:00 UTC</createdTime>
<commentInRDBMS><![CDATA[Port's temperature (average high)]]></commentInRDBMS>
<generatorID>5C9AD7E2-DB30-37B0-0859-D39C49D6B053</generatorID>
<ownerDesignName>wc_logical</ownerDesignName>
<useDomainConstraints>false</useDomainConstraints>
<use>1</use>
<logicalDatatype>LOGDT019</logicalDatatype>
<dataTypePrecision>2</dataTypePrecision>
<ownDataTypeParameters>,2,</ownDataTypeParameters>
<autoIncrementCycle>false</autoIncrementCycle>
</Column>
<Column name="pt_avg_low" id="8519A5CC-DD36-5660-50E7-C45F45E539C5">
<createdBy>cileong</createdBy>
<createdTime>2022-04-27 18:29:00 UTC</createdTime>
<commentInRDBMS><![CDATA[Port's temperature (average low)]]></commentInRDBMS>
<generatorID>D36614DE-8712-3E8A-C241-AEBC3159302A</generatorID>
<ownerDesignName>wc_logical</ownerDesignName>
<useDomainConstraints>false</useDomainConstraints>
<use>1</use>
<logicalDatatype>LOGDT019</logicalDatatype>
<dataTypePrecision>2</dataTypePrecision>
<ownDataTypeParameters>,2,</ownDataTypeParameters>
<autoIncrementCycle>false</autoIncrementCycle>
</Column>
</columns>
<indexes itemClass="oracle.dbtools.crest.model.design.relational.Index">
<ind_PK_UK id="500F71F7-73C8-BDD9-44D7-CB06B07E660C" name="PORT_TEMP_PK">
<createdBy>cileong</createdBy>
<createdTime>2022-04-27 18:29:00 UTC</createdTime>
<generatorID>A26E76E7-A22A-150E-AE10-6FEFBA78A4AC</generatorID>
<ownerDesignName>wc_logical</ownerDesignName>
<pk>true</pk>
<indexState>Primary Constraint</indexState>
<isSurrogateKey>false</isSurrogateKey>
<indexColumnUsage>
<colUsage columnID="F119B863-B012-DB76-A0C4-0A33C4C387AE"/>
<colUsage columnID="D21A9BAA-1051-77FD-99F6-151B5AD000F7"/>
</indexColumnUsage>
</ind_PK_UK>
<ind_PK_UK id="37384C1B-E0E4-D292-9C1F-CFF5F0C150F5" name="port_pt">
<createdBy>cileong</createdBy>
<createdTime>2022-04-27 18:29:00 UTC</createdTime>
<generatorID>BBD819E8-EC3B-BF0D-AC46-04C06E3CA990</generatorID>
<ownerDesignName>wc_logical</ownerDesignName>
<indexState>Foreign Key</indexState>
<isSurrogateKey>false</isSurrogateKey>
<indexColumnUsage>
<colUsage columnID="D21A9BAA-1051-77FD-99F6-151B5AD000F7"/>
</indexColumnUsage>
</ind_PK_UK>
</indexes>
</Table>
