<?xml version = '1.0' encoding = 'UTF-8'?>
<Table class="oracle.dbtools.crest.model.design.relational.Table" directorySegmentName="seg_0" id="FE77C977-DEB4-1A6E-8954-8DA6081372E0" name="TOUR">
<createdBy>cileong</createdBy>
<createdTime>2022-04-27 18:29:00 UTC</createdTime>
<generatorID>372C6211-857B-89A2-088A-08F80B889FF1</generatorID>
<ownerDesignName>wc_logical</ownerDesignName>
<allowColumnReorder>false</allowColumnReorder>
<existDependencyGenerateInDDl>true</existDependencyGenerateInDDl>
<parsed>true</parsed>
<columns itemClass="oracle.dbtools.crest.model.design.relational.Column">
<Column name="tour_id" id="522E21A8-C904-5448-95CD-61375385E053">
<createdBy>cileong</createdBy>
<createdTime>2022-04-27 18:29:00 UTC</createdTime>
<commentInRDBMS><![CDATA[Tour's ID]]></commentInRDBMS>
<generatorID>B68CE93C-B23F-0656-4F45-E81946709C52</generatorID>
<ownerDesignName>wc_logical</ownerDesignName>
<useDomainConstraints>false</useDomainConstraints>
<use>1</use>
<logicalDatatype>LOGDT019</logicalDatatype>
<dataTypePrecision>6</dataTypePrecision>
<ownDataTypeParameters>,6,</ownDataTypeParameters>
<autoIncrementCycle>false</autoIncrementCycle>
</Column>
<Column name="port_code" id="C5DA21A7-A711-71EC-383E-9BEA2E80AC91">
<createdBy>cileong</createdBy>
<createdTime>2022-04-27 18:29:00 UTC</createdTime>
<commentInRDBMS><![CDATA[The code that uniquely identifies the port]]></commentInRDBMS>
<generatorID>40BBA866-A6ED-D687-9FC9-119D49FC967D</generatorID>
<ownerDesignName>wc_logical</ownerDesignName>
<useDomainConstraints>false</useDomainConstraints>
<use>1</use>
<logicalDatatype>LOGDT025</logicalDatatype>
<dataTypeSize>5 CHAR</dataTypeSize>
<ownDataTypeParameters>,,</ownDataTypeParameters>
<previousColumn>false</previousColumn>
<autoIncrementCycle>false</autoIncrementCycle>
<associations>
<colAssociation fkAssociation="B63AF6A0-D911-908A-26D3-2DEE5AD5F727" referredColumn="F6253292-3638-9CA2-A369-5B64D67B097D"/>
</associations>
</Column>
<Column name="tour_no" id="7BB00CB9-0433-CF39-FCBD-D179E190DBE8">
<createdBy>cileong</createdBy>
<createdTime>2022-04-27 18:29:00 UTC</createdTime>
<commentInRDBMS><![CDATA[Tour number]]></commentInRDBMS>
<generatorID>7B894B53-4A33-D35C-F147-BA8B9370EE07</generatorID>
<ownerDesignName>wc_logical</ownerDesignName>
<useDomainConstraints>false</useDomainConstraints>
<use>1</use>
<logicalDatatype>LOGDT019</logicalDatatype>
<dataTypePrecision>1</dataTypePrecision>
<ownDataTypeParameters>,1,</ownDataTypeParameters>
<autoIncrementCycle>false</autoIncrementCycle>
</Column>
<Column name="tour_name" id="EC3F1144-7F4E-ADB6-374F-D8F3AA037EA7">
<createdBy>cileong</createdBy>
<createdTime>2022-04-27 18:29:00 UTC</createdTime>
<commentInRDBMS><![CDATA[Tour's short description]]></commentInRDBMS>
<generatorID>76C377A9-2767-5589-1FD6-B1CF9F21130F</generatorID>
<ownerDesignName>wc_logical</ownerDesignName>
<useDomainConstraints>false</useDomainConstraints>
<use>1</use>
<logicalDatatype>LOGDT024</logicalDatatype>
<dataTypeSize>50 CHAR</dataTypeSize>
<ownDataTypeParameters>50 CHAR,,</ownDataTypeParameters>
<autoIncrementCycle>false</autoIncrementCycle>
</Column>
<Column name="tour_desc" id="DA95C998-BAFD-7468-A3CC-7184E951D3A3">
<createdBy>cileong</createdBy>
<createdTime>2022-04-27 18:29:00 UTC</createdTime>
<commentInRDBMS><![CDATA[A brief description of the tour]]></commentInRDBMS>
<generatorID>6E13A808-7889-AB0F-53FD-1DD0D5DF33D6</generatorID>
<ownerDesignName>wc_logical</ownerDesignName>
<useDomainConstraints>false</useDomainConstraints>
<use>1</use>
<logicalDatatype>LOGDT024</logicalDatatype>
<dataTypeSize>99 CHAR</dataTypeSize>
<ownDataTypeParameters>99 CHAR,,</ownDataTypeParameters>
<autoIncrementCycle>false</autoIncrementCycle>
</Column>
<Column name="tour_hrs_req" id="20002963-DED4-102A-0BA5-1875E1C7764C">
<createdBy>cileong</createdBy>
<createdTime>2022-04-27 18:29:00 UTC</createdTime>
<commentInRDBMS><![CDATA[The hours requirement of the tour]]></commentInRDBMS>
<generatorID>CBF73953-DC27-6FAE-69FD-B7CA94E3A175</generatorID>
<ownerDesignName>wc_logical</ownerDesignName>
<useDomainConstraints>false</useDomainConstraints>
<use>1</use>
<logicalDatatype>LOGDT019</logicalDatatype>
<dataTypePrecision>3</dataTypePrecision>
<dataTypeScale>1</dataTypeScale>
<ownDataTypeParameters>,3,1</ownDataTypeParameters>
<autoIncrementCycle>false</autoIncrementCycle>
<listOfRanges>
<rangeDef class="oracle.dbtools.crest.model.design.constraint.AVT">
<beginValue>0</beginValue>
<endValue>24</endValue>
</rangeDef>
</listOfRanges>
</Column>
<Column name="tour_cost" id="0E3B1DB1-3041-D7DA-C3FE-DB6B7CEC336C">
<createdBy>cileong</createdBy>
<createdTime>2022-04-27 18:29:00 UTC</createdTime>
<commentInRDBMS><![CDATA[The cost per person of the tour]]></commentInRDBMS>
<generatorID>15F0659A-B030-DF71-4482-8A68A51527F9</generatorID>
<ownerDesignName>wc_logical</ownerDesignName>
<useDomainConstraints>false</useDomainConstraints>
<use>1</use>
<logicalDatatype>LOGDT019</logicalDatatype>
<dataTypePrecision>3</dataTypePrecision>
<ownDataTypeParameters>,3,</ownDataTypeParameters>
<autoIncrementCycle>false</autoIncrementCycle>
</Column>
<Column name="tour_wc_access" id="A0122971-119A-2272-61DE-2B70E858083F">
<createdBy>cileong</createdBy>
<createdTime>2022-04-27 18:29:00 UTC</createdTime>
<commentInRDBMS><![CDATA[The tour's wheelchair access]]></commentInRDBMS>
<generatorID>F2B4C797-D073-7B18-0F41-FF4BD673257A</generatorID>
<ownerDesignName>wc_logical</ownerDesignName>
<useDomainConstraints>false</useDomainConstraints>
<use>1</use>
<logicalDatatype>LOGDT025</logicalDatatype>
<dataTypeSize>1 CHAR</dataTypeSize>
<ownDataTypeParameters>1 CHAR,,</ownDataTypeParameters>
<autoIncrementCycle>false</autoIncrementCycle>
</Column>
<Column name="tour_availability" id="46AE2BAA-417B-64A1-1B23-F068B2D33A0E">
<createdBy>cileong</createdBy>
<createdTime>2022-04-27 18:29:00 UTC</createdTime>
<commentInRDBMS><![CDATA[The interval of which the tour is available]]></commentInRDBMS>
<generatorID>6B8E5A58-67D3-6D85-2ECF-EEC7B181BB09</generatorID>
<ownerDesignName>wc_logical</ownerDesignName>
<useDomainConstraints>false</useDomainConstraints>
<use>1</use>
<logicalDatatype>LOGDT024</logicalDatatype>
<dataTypeSize>70 CHAR</dataTypeSize>
<ownDataTypeParameters>70 CHAR,,</ownDataTypeParameters>
<autoIncrementCycle>false</autoIncrementCycle>
</Column>
<Column name="tour_start_time" id="A88E7312-46B4-0F5D-4084-9F04C85C49D8">
<createdBy>cileong</createdBy>
<createdTime>2022-04-27 18:29:00 UTC</createdTime>
<commentInRDBMS><![CDATA[The start time of the tour]]></commentInRDBMS>
<generatorID>1EAEF68B-ED7F-7B59-F477-BF05145D1E16</generatorID>
<ownerDesignName>wc_logical</ownerDesignName>
<useDomainConstraints>false</useDomainConstraints>
<use>1</use>
<logicalDatatype>LOGDT007</logicalDatatype>
<ownDataTypeParameters>,,</ownDataTypeParameters>
<autoIncrementCycle>false</autoIncrementCycle>
</Column>
<Column name="tour_min_participants" id="13B6ABA0-2ED6-8B4D-A0BC-73D5383F35D1">
<createdBy>cileong</createdBy>
<createdTime>2022-04-27 18:29:00 UTC</createdTime>
<commentInRDBMS><![CDATA[Minimum number of participants that must be hit before the tour will be hosted]]></commentInRDBMS>
<generatorID>8FCA98D0-A3AE-90EF-78EB-E6494FEDBABD</generatorID>
<ownerDesignName>wc_logical</ownerDesignName>
<useDomainConstraints>false</useDomainConstraints>
<use>1</use>
<logicalDatatype>LOGDT019</logicalDatatype>
<dataTypePrecision>5</dataTypePrecision>
<ownDataTypeParameters>,5,</ownDataTypeParameters>
<autoIncrementCycle>false</autoIncrementCycle>
</Column>
</columns>
<indexes itemClass="oracle.dbtools.crest.model.design.relational.Index">
<ind_PK_UK id="4C374ED7-A9DC-CCC4-E467-A02C8A9FF397" name="TOUR_PK">
<createdBy>cileong</createdBy>
<createdTime>2022-04-27 18:29:00 UTC</createdTime>
<generatorID>40BB3EA2-1E7A-C9A0-3D98-AFBBC7A482A9</generatorID>
<ownerDesignName>wc_logical</ownerDesignName>
<pk>true</pk>
<indexState>Primary Constraint</indexState>
<isSurrogateKey>false</isSurrogateKey>
<indexColumnUsage>
<colUsage columnID="522E21A8-C904-5448-95CD-61375385E053"/>
</indexColumnUsage>
</ind_PK_UK>
<ind_PK_UK id="23681201-42EA-9E4A-D086-FEDC57712B25" name="TOUR_NK">
<createdBy>cileong</createdBy>
<createdTime>2022-04-27 18:29:00 UTC</createdTime>
<generatorID>4F452A82-8724-E88F-5ADD-F0C6A5FF3D1C</generatorID>
<ownerDesignName>wc_logical</ownerDesignName>
<indexState>Unique Constraint</indexState>
<isSurrogateKey>false</isSurrogateKey>
<indexColumnUsage>
<colUsage columnID="7BB00CB9-0433-CF39-FCBD-D179E190DBE8"/>
<colUsage columnID="C5DA21A7-A711-71EC-383E-9BEA2E80AC91"/>
</indexColumnUsage>
</ind_PK_UK>
<ind_PK_UK id="46520264-5869-A0F8-8305-7D3AD233C003" name="port_tour">
<createdBy>cileong</createdBy>
<createdTime>2022-04-27 18:29:00 UTC</createdTime>
<generatorID>7DE46316-50E8-1D4E-1670-51662623F421</generatorID>
<ownerDesignName>wc_logical</ownerDesignName>
<indexState>Foreign Key</indexState>
<isSurrogateKey>false</isSurrogateKey>
<indexColumnUsage>
<colUsage columnID="C5DA21A7-A711-71EC-383E-9BEA2E80AC91"/>
</indexColumnUsage>
</ind_PK_UK>
</indexes>
</Table>
