<?xml version = '1.0' encoding = 'UTF-8'?>
<FKIndexAssociation class="oracle.dbtools.crest.model.design.relational.FKIndexAssociation" directorySegmentName="seg_0" id="015FF4FF-B10C-07C5-53C7-6C3C32BCFC4A" containerWithKeyObject="C3F83B68-7799-2683-B1EE-B7A9692A0705" localFKIndex="1CE55D5E-1542-2888-C7A4-ADFB3D881AA6" name="language_tl">
<createdBy>cileong</createdBy>
<createdTime>2022-04-27 18:29:00 UTC</createdTime>
<generatorID>B114D0B1-FB11-54E2-C448-BACE05366A14</generatorID>
<ownerDesignName>wc_logical</ownerDesignName>
<referredTableLongName>LANGUAGE</referredTableLongName>
<deleteRule>NO ACTION</deleteRule>
<referredTableID>FBAB93A0-93D8-C816-0A4E-B448325AC077</referredTableID>
<keyObject>FC8122FD-61A4-D22B-AE11-61EC7FEBCFBA</keyObject>
<referredKeyID>FC8122FD-61A4-D22B-AE11-61EC7FEBCFBA</referredKeyID>
<mandatory>true</mandatory>
<refColNames>language_code</refColNames>
<transferable>true</transferable>
<rely>false</rely>
<columnDependencyConstraintGenerateInDDL>true</columnDependencyConstraintGenerateInDDL>
</FKIndexAssociation>
