<?xml version = '1.0' encoding = 'UTF-8'?>
<FKIndexAssociation class="oracle.dbtools.crest.model.design.relational.FKIndexAssociation" directorySegmentName="seg_0" id="1A6E5F9C-5835-4567-A49C-464641B6AF47" containerWithKeyObject="DE54EE6C-5BF3-649E-6E64-A05DEA9FBB92" localFKIndex="37C5CF31-E946-4126-92FD-710FAEF096E6" name="port_cp">
<createdBy>cileong</createdBy>
<createdTime>2022-04-27 18:29:00 UTC</createdTime>
<generatorID>945CF9FD-979D-F76D-E561-4AA20922A03B</generatorID>
<ownerDesignName>wc_logical</ownerDesignName>
<referredTableLongName>PORT</referredTableLongName>
<deleteRule>NO ACTION</deleteRule>
<referredTableID>C03CE516-CDEB-88B3-03DF-AB3D8130513B</referredTableID>
<keyObject>D75BBDC8-5842-4C04-E8B7-1FE4AFD17CA8</keyObject>
<referredKeyID>D75BBDC8-5842-4C04-E8B7-1FE4AFD17CA8</referredKeyID>
<mandatory>true</mandatory>
<refColNames>port_code</refColNames>
<transferable>true</transferable>
<rely>false</rely>
<columnDependencyConstraintGenerateInDDL>true</columnDependencyConstraintGenerateInDDL>
</FKIndexAssociation>
