<?xml version = '1.0' encoding = 'UTF-8'?>
<FKIndexAssociation class="oracle.dbtools.crest.model.design.relational.FKIndexAssociation" directorySegmentName="seg_0" id="30BDE2D1-6B4D-0C68-6CF8-F460F65A5937" containerWithKeyObject="C8A4BEA5-9B26-3F40-40C1-B53B9973D595" localFKIndex="CB8999DC-C2D1-3CBF-5F7D-702EF989BEB7" name="cruise_tre">
<createdBy>cileong</createdBy>
<createdTime>2022-04-27 18:29:00 UTC</createdTime>
<generatorID>F87B2CAF-2E93-6D9C-37CB-B93B0C776848</generatorID>
<ownerDesignName>wc_logical</ownerDesignName>
<referredTableLongName>CRUISE</referredTableLongName>
<deleteRule>NO ACTION</deleteRule>
<referredTableID>F79C82F0-D97A-B35D-D5B4-65CE95E848B8</referredTableID>
<keyObject>87BE69FB-349E-2474-40BA-F36BE6C05908</keyObject>
<referredKeyID>87BE69FB-349E-2474-40BA-F36BE6C05908</referredKeyID>
<mandatory>true</mandatory>
<refColNames>cruise_id</refColNames>
<transferable>true</transferable>
<rely>false</rely>
<columnDependencyConstraintGenerateInDDL>true</columnDependencyConstraintGenerateInDDL>
</FKIndexAssociation>
