<?xml version = '1.0' encoding = 'UTF-8'?>
<FKIndexAssociation class="oracle.dbtools.crest.model.design.relational.FKIndexAssociation" directorySegmentName="seg_0" id="37D216AA-09B4-9459-2309-E27DE6500E2B" containerWithKeyObject="E19D4184-D3BA-10EA-114D-6D8EE9F460AC" localFKIndex="7170BC23-83EC-8D44-9CDF-1B3372ED1984" name="language_passenger">
<createdBy>cileong</createdBy>
<createdTime>2022-04-27 18:29:00 UTC</createdTime>
<generatorID>091B4154-43E4-7A0B-247A-6B1D8A2FF149</generatorID>
<ownerDesignName>wc_logical</ownerDesignName>
<referredTableLongName>LANGUAGE</referredTableLongName>
<deleteRule>NO ACTION</deleteRule>
<referredTableID>FBAB93A0-93D8-C816-0A4E-B448325AC077</referredTableID>
<keyObject>FC8122FD-61A4-D22B-AE11-61EC7FEBCFBA</keyObject>
<referredKeyID>FC8122FD-61A4-D22B-AE11-61EC7FEBCFBA</referredKeyID>
<mandatory>true</mandatory>
<refColNames>language_code</refColNames>
<transferable>true</transferable>
<rely>false</rely>
<columnDependencyConstraintGenerateInDDL>true</columnDependencyConstraintGenerateInDDL>
</FKIndexAssociation>
