<?xml version = '1.0' encoding = 'UTF-8'?>
<FKIndexAssociation class="oracle.dbtools.crest.model.design.relational.FKIndexAssociation" directorySegmentName="seg_0" id="42DA1945-FB05-06E6-71ED-C95172A7317B" containerWithKeyObject="C03CE516-CDEB-88B3-03DF-AB3D8130513B" localFKIndex="0C87535F-0017-CE78-C5DC-90468F81B05F" name="country_port">
<createdBy>cileong</createdBy>
<createdTime>2022-04-27 18:29:00 UTC</createdTime>
<generatorID>F2B5B98C-89AE-4D8F-99AA-BB1910F12B55</generatorID>
<ownerDesignName>wc_logical</ownerDesignName>
<referredTableLongName>COUNTRY</referredTableLongName>
<deleteRule>NO ACTION</deleteRule>
<referredTableID>55EBD92F-0BBB-44F0-AE94-8F30095B9F19</referredTableID>
<keyObject>C630175E-3549-2565-DA93-4C71DB012D5D</keyObject>
<referredKeyID>C630175E-3549-2565-DA93-4C71DB012D5D</referredKeyID>
<mandatory>true</mandatory>
<refColNames>country_code</refColNames>
<transferable>true</transferable>
<rely>false</rely>
<columnDependencyConstraintGenerateInDDL>true</columnDependencyConstraintGenerateInDDL>
</FKIndexAssociation>
