<?xml version = '1.0' encoding = 'UTF-8'?>
<FKIndexAssociation class="oracle.dbtools.crest.model.design.relational.FKIndexAssociation" directorySegmentName="seg_0" id="4F5E442A-2B5B-D824-712F-0D6F7408DEB7" containerWithKeyObject="E19D4184-D3BA-10EA-114D-6D8EE9F460AC" localFKIndex="6D710187-0672-789A-94D1-59AF719DB715" name="guardian_passenger">
<createdBy>cileong</createdBy>
<createdTime>2022-04-27 18:29:00 UTC</createdTime>
<generatorID>C0F857B1-BEB6-1AA1-2F83-1C6112643F93</generatorID>
<ownerDesignName>wc_logical</ownerDesignName>
<referredTableLongName>PASSENGER</referredTableLongName>
<deleteRule>NO ACTION</deleteRule>
<referredTableID>E19D4184-D3BA-10EA-114D-6D8EE9F460AC</referredTableID>
<keyObject>F3482404-550F-1285-D576-3F3AC9BEA2F9</keyObject>
<referredKeyID>F3482404-550F-1285-D576-3F3AC9BEA2F9</referredKeyID>
<mandatory>false</mandatory>
<refColNames>passenger_id</refColNames>
<transferable>true</transferable>
<rely>false</rely>
<columnDependencyConstraintGenerateInDDL>true</columnDependencyConstraintGenerateInDDL>
</FKIndexAssociation>
