<?xml version = '1.0' encoding = 'UTF-8'?>
<FKIndexAssociation class="oracle.dbtools.crest.model.design.relational.FKIndexAssociation" directorySegmentName="seg_0" id="6A93AC44-CBD0-812A-6339-1F6038921A69" containerWithKeyObject="125ED426-E189-16DB-6DFC-37371DB2902D" localFKIndex="20CA0315-02A1-92A4-9472-82D67648B43B" name="address_country">
<createdBy>cileong</createdBy>
<createdTime>2022-04-27 18:29:00 UTC</createdTime>
<generatorID>5E7AD633-422E-B601-C0AE-C2EB0432D58C</generatorID>
<ownerDesignName>wc_logical</ownerDesignName>
<referredTableLongName>COUNTRY</referredTableLongName>
<deleteRule>NO ACTION</deleteRule>
<referredTableID>55EBD92F-0BBB-44F0-AE94-8F30095B9F19</referredTableID>
<keyObject>C630175E-3549-2565-DA93-4C71DB012D5D</keyObject>
<referredKeyID>C630175E-3549-2565-DA93-4C71DB012D5D</referredKeyID>
<mandatory>true</mandatory>
<refColNames>country_code</refColNames>
<transferable>true</transferable>
<rely>false</rely>
<columnDependencyConstraintGenerateInDDL>true</columnDependencyConstraintGenerateInDDL>
</FKIndexAssociation>
