<?xml version = '1.0' encoding = 'UTF-8'?>
<FKIndexAssociation class="oracle.dbtools.crest.model.design.relational.FKIndexAssociation" directorySegmentName="seg_0" id="6BA6AFC8-CEEB-FBB7-5247-699A16F2E85F" containerWithKeyObject="C8A4BEA5-9B26-3F40-40C1-B53B9973D595" localFKIndex="A40CBEBC-3BA9-A831-6E4C-710D54A3D01A" name="tr_tre">
<createdBy>cileong</createdBy>
<createdTime>2022-04-27 18:29:00 UTC</createdTime>
<generatorID>FB31322E-2044-3BB1-FA59-474526A88CA8</generatorID>
<ownerDesignName>wc_logical</ownerDesignName>
<referredTableLongName>TOUR_REPORT</referredTableLongName>
<deleteRule>NO ACTION</deleteRule>
<referredTableID>8BEAF739-416F-D740-1088-E4A4A14F7171</referredTableID>
<keyObject>6D8049BF-E9C6-CF26-2D85-01FC19FCC4E2</keyObject>
<referredKeyID>6D8049BF-E9C6-CF26-2D85-01FC19FCC4E2</referredKeyID>
<mandatory>true</mandatory>
<refColNames>tour_date,tour_id</refColNames>
<transferable>true</transferable>
<rely>false</rely>
<columnDependencyConstraintGenerateInDDL>true</columnDependencyConstraintGenerateInDDL>
</FKIndexAssociation>
