<?xml version = '1.0' encoding = 'UTF-8'?>
<FKIndexAssociation class="oracle.dbtools.crest.model.design.relational.FKIndexAssociation" directorySegmentName="seg_0" id="6D4B04BD-9678-9398-69A2-2C6C96AF2B8D" containerWithKeyObject="DE54EE6C-5BF3-649E-6E64-A05DEA9FBB92" localFKIndex="A041F627-7C5C-72BF-1958-C1E5D574FF04" name="cruise_cp">
<createdBy>cileong</createdBy>
<createdTime>2022-04-27 18:29:00 UTC</createdTime>
<generatorID>4102E874-6E6B-22FE-5076-931A35DF25C9</generatorID>
<ownerDesignName>wc_logical</ownerDesignName>
<referredTableLongName>CRUISE</referredTableLongName>
<deleteRule>NO ACTION</deleteRule>
<referredTableID>F79C82F0-D97A-B35D-D5B4-65CE95E848B8</referredTableID>
<keyObject>87BE69FB-349E-2474-40BA-F36BE6C05908</keyObject>
<referredKeyID>87BE69FB-349E-2474-40BA-F36BE6C05908</referredKeyID>
<mandatory>true</mandatory>
<refColNames>cruise_id</refColNames>
<transferable>true</transferable>
<rely>false</rely>
<columnDependencyConstraintGenerateInDDL>true</columnDependencyConstraintGenerateInDDL>
</FKIndexAssociation>
