<?xml version = '1.0' encoding = 'UTF-8'?>
<FKIndexAssociation class="oracle.dbtools.crest.model.design.relational.FKIndexAssociation" directorySegmentName="seg_0" id="86CF2190-7475-87CE-FDE6-E8E33BAC043E" containerWithKeyObject="E19D4184-D3BA-10EA-114D-6D8EE9F460AC" localFKIndex="C0B2FC76-596A-76F5-18BE-B961D4466961" name="address_passenger">
<createdBy>cileong</createdBy>
<createdTime>2022-04-27 18:29:00 UTC</createdTime>
<generatorID>4B0385BC-ACE0-F96A-B12C-D06B0471DEE8</generatorID>
<ownerDesignName>wc_logical</ownerDesignName>
<referredTableLongName>PASSENGER_ADDRESS</referredTableLongName>
<deleteRule>NO ACTION</deleteRule>
<referredTableID>125ED426-E189-16DB-6DFC-37371DB2902D</referredTableID>
<keyObject>DFFBE6DD-5DC7-9D91-D350-8209FD8ED80C</keyObject>
<referredKeyID>DFFBE6DD-5DC7-9D91-D350-8209FD8ED80C</referredKeyID>
<mandatory>true</mandatory>
<refColNames>pa_id</refColNames>
<transferable>true</transferable>
<rely>false</rely>
<columnDependencyConstraintGenerateInDDL>true</columnDependencyConstraintGenerateInDDL>
</FKIndexAssociation>
