<?xml version = '1.0' encoding = 'UTF-8'?>
<FKIndexAssociation class="oracle.dbtools.crest.model.design.relational.FKIndexAssociation" directorySegmentName="seg_0" id="91000B0A-967E-AFED-906E-6E1B22718729" containerWithKeyObject="C3F83B68-7799-2683-B1EE-B7A9692A0705" localFKIndex="5A7BDD66-E142-74EE-21D0-6BF3E5EE2A4F" name="tour_tl">
<createdBy>cileong</createdBy>
<createdTime>2022-04-27 18:29:00 UTC</createdTime>
<generatorID>53BC64BD-FA3F-A4D0-EB35-43733D237309</generatorID>
<ownerDesignName>wc_logical</ownerDesignName>
<referredTableLongName>TOUR</referredTableLongName>
<deleteRule>NO ACTION</deleteRule>
<referredTableID>FE77C977-DEB4-1A6E-8954-8DA6081372E0</referredTableID>
<keyObject>4C374ED7-A9DC-CCC4-E467-A02C8A9FF397</keyObject>
<referredKeyID>4C374ED7-A9DC-CCC4-E467-A02C8A9FF397</referredKeyID>
<mandatory>true</mandatory>
<refColNames>tour_id</refColNames>
<transferable>true</transferable>
<rely>false</rely>
<columnDependencyConstraintGenerateInDDL>true</columnDependencyConstraintGenerateInDDL>
</FKIndexAssociation>
