<?xml version = '1.0' encoding = 'UTF-8'?>
<FKIndexAssociation class="oracle.dbtools.crest.model.design.relational.FKIndexAssociation" directorySegmentName="seg_0" id="97228498-CCC8-04CD-AB49-D923B73B3E22" containerWithKeyObject="FE343275-F938-96D5-F5E7-BA065E57C18B" localFKIndex="37384C1B-E0E4-D292-9C1F-CFF5F0C150F5" name="port_pt">
<createdBy>cileong</createdBy>
<createdTime>2022-04-27 18:29:00 UTC</createdTime>
<generatorID>BBD819E8-EC3B-BF0D-AC46-04C06E3CA990</generatorID>
<ownerDesignName>wc_logical</ownerDesignName>
<referredTableLongName>PORT</referredTableLongName>
<deleteRule>NO ACTION</deleteRule>
<referredTableID>C03CE516-CDEB-88B3-03DF-AB3D8130513B</referredTableID>
<keyObject>D75BBDC8-5842-4C04-E8B7-1FE4AFD17CA8</keyObject>
<referredKeyID>D75BBDC8-5842-4C04-E8B7-1FE4AFD17CA8</referredKeyID>
<mandatory>true</mandatory>
<refColNames>port_code</refColNames>
<transferable>true</transferable>
<rely>false</rely>
<columnDependencyConstraintGenerateInDDL>true</columnDependencyConstraintGenerateInDDL>
</FKIndexAssociation>
