<?xml version = '1.0' encoding = 'UTF-8'?>
<FKIndexAssociation class="oracle.dbtools.crest.model.design.relational.FKIndexAssociation" directorySegmentName="seg_0" id="9ED69CBA-0C0E-8C54-B77B-ED59EE22BF5E" containerWithKeyObject="07D7A718-97AE-45DA-0234-455FE422131A" localFKIndex="F50DFC0B-493D-0DC1-A09D-3D1F10D10725" name="cruise_manifest">
<createdBy>cileong</createdBy>
<createdTime>2022-04-27 18:29:00 UTC</createdTime>
<generatorID>F33C7BA1-B310-D369-0D69-13B8FF16F23D</generatorID>
<ownerDesignName>wc_logical</ownerDesignName>
<referredTableLongName>CRUISE</referredTableLongName>
<deleteRule>NO ACTION</deleteRule>
<referredTableID>F79C82F0-D97A-B35D-D5B4-65CE95E848B8</referredTableID>
<keyObject>87BE69FB-349E-2474-40BA-F36BE6C05908</keyObject>
<referredKeyID>87BE69FB-349E-2474-40BA-F36BE6C05908</referredKeyID>
<mandatory>true</mandatory>
<refColNames>cruise_id</refColNames>
<transferable>true</transferable>
<rely>false</rely>
<columnDependencyConstraintGenerateInDDL>true</columnDependencyConstraintGenerateInDDL>
</FKIndexAssociation>
