<?xml version = '1.0' encoding = 'UTF-8'?>
<FKIndexAssociation class="oracle.dbtools.crest.model.design.relational.FKIndexAssociation" directorySegmentName="seg_0" id="B63AF6A0-D911-908A-26D3-2DEE5AD5F727" containerWithKeyObject="FE77C977-DEB4-1A6E-8954-8DA6081372E0" localFKIndex="46520264-5869-A0F8-8305-7D3AD233C003" name="port_tour">
<createdBy>cileong</createdBy>
<createdTime>2022-04-27 18:29:00 UTC</createdTime>
<generatorID>7DE46316-50E8-1D4E-1670-51662623F421</generatorID>
<ownerDesignName>wc_logical</ownerDesignName>
<referredTableLongName>PORT</referredTableLongName>
<deleteRule>NO ACTION</deleteRule>
<referredTableID>C03CE516-CDEB-88B3-03DF-AB3D8130513B</referredTableID>
<keyObject>D75BBDC8-5842-4C04-E8B7-1FE4AFD17CA8</keyObject>
<referredKeyID>D75BBDC8-5842-4C04-E8B7-1FE4AFD17CA8</referredKeyID>
<mandatory>true</mandatory>
<refColNames>port_code</refColNames>
<transferable>true</transferable>
<rely>false</rely>
<columnDependencyConstraintGenerateInDDL>true</columnDependencyConstraintGenerateInDDL>
</FKIndexAssociation>
