<?xml version = '1.0' encoding = 'UTF-8'?>
<FKIndexAssociation class="oracle.dbtools.crest.model.design.relational.FKIndexAssociation" directorySegmentName="seg_0" id="B77FB1AF-218D-6FE8-2362-38BC6A3B83AD" containerWithKeyObject="8BEAF739-416F-D740-1088-E4A4A14F7171" localFKIndex="326EE908-63A1-7227-59D4-E9BFF6A9DBC8" name="tour_tr">
<createdBy>cileong</createdBy>
<createdTime>2022-04-27 18:29:00 UTC</createdTime>
<generatorID>ACDE69EE-46E1-2013-99C6-3BB550A1B4DC</generatorID>
<ownerDesignName>wc_logical</ownerDesignName>
<referredTableLongName>TOUR</referredTableLongName>
<deleteRule>NO ACTION</deleteRule>
<referredTableID>FE77C977-DEB4-1A6E-8954-8DA6081372E0</referredTableID>
<keyObject>4C374ED7-A9DC-CCC4-E467-A02C8A9FF397</keyObject>
<referredKeyID>4C374ED7-A9DC-CCC4-E467-A02C8A9FF397</referredKeyID>
<mandatory>true</mandatory>
<refColNames>tour_id</refColNames>
<transferable>true</transferable>
<rely>false</rely>
<columnDependencyConstraintGenerateInDDL>true</columnDependencyConstraintGenerateInDDL>
</FKIndexAssociation>
