<?xml version = '1.0' encoding = 'UTF-8'?>
<FKIndexAssociation class="oracle.dbtools.crest.model.design.relational.FKIndexAssociation" directorySegmentName="seg_0" id="BA4322ED-275F-B35C-754B-873770B3DB3C" containerWithKeyObject="07D7A718-97AE-45DA-0234-455FE422131A" localFKIndex="AA0EC87D-39F1-897C-87EF-9099F00BA48D" name="passenger_manifest">
<createdBy>cileong</createdBy>
<createdTime>2022-04-27 18:29:00 UTC</createdTime>
<generatorID>0F8E621D-C1DB-C083-B6CE-B14001A6E7BB</generatorID>
<ownerDesignName>wc_logical</ownerDesignName>
<referredTableLongName>PASSENGER</referredTableLongName>
<deleteRule>NO ACTION</deleteRule>
<referredTableID>E19D4184-D3BA-10EA-114D-6D8EE9F460AC</referredTableID>
<keyObject>F3482404-550F-1285-D576-3F3AC9BEA2F9</keyObject>
<referredKeyID>F3482404-550F-1285-D576-3F3AC9BEA2F9</referredKeyID>
<mandatory>true</mandatory>
<refColNames>passenger_id</refColNames>
<transferable>true</transferable>
<rely>false</rely>
<columnDependencyConstraintGenerateInDDL>true</columnDependencyConstraintGenerateInDDL>
</FKIndexAssociation>
