<?xml version = '1.0' encoding = 'UTF-8'?>
<FKIndexAssociation class="oracle.dbtools.crest.model.design.relational.FKIndexAssociation" directorySegmentName="seg_0" id="C03F7BE7-4EEB-5F42-6E72-39BC6C3A0517" containerWithKeyObject="F79C82F0-D97A-B35D-D5B4-65CE95E848B8" localFKIndex="5A9EA48B-EB5E-4914-ECA8-C753B0D22165" name="ship_cruise">
<createdBy>cileong</createdBy>
<createdTime>2022-04-27 18:29:00 UTC</createdTime>
<generatorID>A5FF57A5-073B-FF27-E183-19A2A4B655C6</generatorID>
<ownerDesignName>wc_logical</ownerDesignName>
<referredTableLongName>SHIP</referredTableLongName>
<deleteRule>NO ACTION</deleteRule>
<referredTableID>8D5D34BA-4563-4D0A-409D-7FFAE30BAC01</referredTableID>
<keyObject>EA2D825B-3651-386B-A031-D4F6E2FE84FF</keyObject>
<referredKeyID>EA2D825B-3651-386B-A031-D4F6E2FE84FF</referredKeyID>
<mandatory>true</mandatory>
<refColNames>ship_code</refColNames>
<transferable>true</transferable>
<rely>false</rely>
<columnDependencyConstraintGenerateInDDL>true</columnDependencyConstraintGenerateInDDL>
</FKIndexAssociation>
