<?xml version = '1.0' encoding = 'UTF-8'?>
<FKIndexAssociation class="oracle.dbtools.crest.model.design.relational.FKIndexAssociation" directorySegmentName="seg_0" id="D3F56884-ECE5-76E7-7F53-D900015FDD25" containerWithKeyObject="8D5D34BA-4563-4D0A-409D-7FFAE30BAC01" localFKIndex="82D75BF9-78C6-DA8A-53E4-D1A77C44D377" name="operator_ship">
<createdBy>cileong</createdBy>
<createdTime>2022-04-27 18:29:00 UTC</createdTime>
<generatorID>33BD3BFF-F9D4-DAEF-7732-E1347A455E42</generatorID>
<ownerDesignName>wc_logical</ownerDesignName>
<referredTableLongName>OPERATOR</referredTableLongName>
<deleteRule>NO ACTION</deleteRule>
<referredTableID>0EA50239-6249-1CA5-D8EC-627E704F1D63</referredTableID>
<keyObject>B7B56C42-9C90-CA47-B1C1-C3EBD0213CFE</keyObject>
<referredKeyID>B7B56C42-9C90-CA47-B1C1-C3EBD0213CFE</referredKeyID>
<mandatory>true</mandatory>
<refColNames>operator_id</refColNames>
<transferable>true</transferable>
<rely>false</rely>
<columnDependencyConstraintGenerateInDDL>true</columnDependencyConstraintGenerateInDDL>
</FKIndexAssociation>
