<?xml version = '1.0' encoding = 'UTF-8'?>
<FKIndexAssociation class="oracle.dbtools.crest.model.design.relational.FKIndexAssociation" directorySegmentName="seg_0" id="E0E5E287-A28B-5349-AF07-C4A66013C7F7" containerWithKeyObject="07D7A718-97AE-45DA-0234-455FE422131A" localFKIndex="877066D1-FFF8-5AA5-5C13-3D12E6CDC280" name="cabin_manifest">
<createdBy>cileong</createdBy>
<createdTime>2022-04-27 18:29:00 UTC</createdTime>
<generatorID>61A95D75-D0D6-1AD8-57F0-4D29E9DF5819</generatorID>
<ownerDesignName>wc_logical</ownerDesignName>
<referredTableLongName>CABIN</referredTableLongName>
<deleteRule>NO ACTION</deleteRule>
<referredTableID>66C1317E-9189-6DC6-4ABC-CEE442F46A42</referredTableID>
<keyObject>ED68865A-BC5C-22B3-6BE6-6607369BFA9C</keyObject>
<referredKeyID>ED68865A-BC5C-22B3-6BE6-6607369BFA9C</referredKeyID>
<mandatory>true</mandatory>
<refColNames>cabin_no,ship_code</refColNames>
<transferable>true</transferable>
<rely>false</rely>
<columnDependencyConstraintGenerateInDDL>true</columnDependencyConstraintGenerateInDDL>
</FKIndexAssociation>
