<?xml version = '1.0' encoding = 'UTF-8'?>
<FKIndexAssociation class="oracle.dbtools.crest.model.design.relational.FKIndexAssociation" directorySegmentName="seg_0" id="E6F5B455-9504-19CB-F073-227E2E051C5E" containerWithKeyObject="66C1317E-9189-6DC6-4ABC-CEE442F46A42" localFKIndex="B89E0DB3-04DC-0E5E-4DCD-08BD0BEB7E9A" name="ship_cabin">
<createdBy>cileong</createdBy>
<createdTime>2022-04-27 18:29:00 UTC</createdTime>
<generatorID>4F07F293-A0CF-E462-DD42-5775953A68F3</generatorID>
<ownerDesignName>wc_logical</ownerDesignName>
<referredTableLongName>SHIP</referredTableLongName>
<deleteRule>NO ACTION</deleteRule>
<referredTableID>8D5D34BA-4563-4D0A-409D-7FFAE30BAC01</referredTableID>
<keyObject>EA2D825B-3651-386B-A031-D4F6E2FE84FF</keyObject>
<referredKeyID>EA2D825B-3651-386B-A031-D4F6E2FE84FF</referredKeyID>
<mandatory>true</mandatory>
<refColNames>ship_code</refColNames>
<transferable>true</transferable>
<rely>false</rely>
<columnDependencyConstraintGenerateInDDL>true</columnDependencyConstraintGenerateInDDL>
</FKIndexAssociation>
