<?xml version = '1.0' encoding = 'UTF-8'?>
<FKIndexAssociation class="oracle.dbtools.crest.model.design.relational.FKIndexAssociation" directorySegmentName="seg_0" id="F112FE9C-13B3-D204-B5C3-9A15AEE35DC3" containerWithKeyObject="8D5D34BA-4563-4D0A-409D-7FFAE30BAC01" localFKIndex="21E0A7AC-02B3-D550-B687-B17AD067EF65" name="country_ship">
<createdBy>cileong</createdBy>
<createdTime>2022-04-27 18:29:00 UTC</createdTime>
<generatorID>2961C0EB-8577-B13C-A17D-3E4681ED7454</generatorID>
<ownerDesignName>wc_logical</ownerDesignName>
<referredTableLongName>COUNTRY</referredTableLongName>
<deleteRule>NO ACTION</deleteRule>
<referredTableID>55EBD92F-0BBB-44F0-AE94-8F30095B9F19</referredTableID>
<keyObject>C630175E-3549-2565-DA93-4C71DB012D5D</keyObject>
<referredKeyID>C630175E-3549-2565-DA93-4C71DB012D5D</referredKeyID>
<mandatory>true</mandatory>
<refColNames>country_code</refColNames>
<transferable>true</transferable>
<rely>false</rely>
<columnDependencyConstraintGenerateInDDL>true</columnDependencyConstraintGenerateInDDL>
</FKIndexAssociation>
