<?xml version = '1.0' encoding = 'UTF-8'?>
<FKIndexAssociation class="oracle.dbtools.crest.model.design.relational.FKIndexAssociation" directorySegmentName="seg_0" id="FDF2FC6F-5387-493E-5BA7-DB6CBF2DFEB3" containerWithKeyObject="C8A4BEA5-9B26-3F40-40C1-B53B9973D595" localFKIndex="2D0ABE8A-44D0-8441-D761-087F1D2820A9" name="passenger_tre">
<createdBy>cileong</createdBy>
<createdTime>2022-04-27 18:29:00 UTC</createdTime>
<generatorID>2E35B628-9ED5-11BC-1AE0-E5ED670A8362</generatorID>
<ownerDesignName>wc_logical</ownerDesignName>
<referredTableLongName>PASSENGER</referredTableLongName>
<deleteRule>NO ACTION</deleteRule>
<referredTableID>E19D4184-D3BA-10EA-114D-6D8EE9F460AC</referredTableID>
<keyObject>F3482404-550F-1285-D576-3F3AC9BEA2F9</keyObject>
<referredKeyID>F3482404-550F-1285-D576-3F3AC9BEA2F9</referredKeyID>
<mandatory>true</mandatory>
<refColNames>passenger_id</refColNames>
<transferable>true</transferable>
<rely>false</rely>
<columnDependencyConstraintGenerateInDDL>true</columnDependencyConstraintGenerateInDDL>
</FKIndexAssociation>
