<?xml version = '1.0' encoding = 'UTF-8'?>
<relationalModel class="oracle.dbtools.crest.model.design.relational.RelationalDesign" name="Relational_1" id="D7394ABE-E697-87ED-9E26-BBB83BCAED4B" mainViewID="CDDF2AEF-3DCC-523E-1336-D0E6B9F0D229">
<createdBy>Windows 10</createdBy>
<createdTime>2022-04-25 12:12:07 UTC</createdTime>
<ownerDesignName>wc_logical</ownerDesignName>
<shouldBeOpen>false</shouldBeOpen>
<selectedRDBMSSite>32076570-2523-435C-2E92-BF29817DFF70</selectedRDBMSSite>
</relationalModel>